[
{
  "model": "contenttypes.contenttype",
  "fields": {
    "app_label": "admin",
    "model": "logentry"
  }
},
{
  "model": "contenttypes.contenttype",
  "fields": {
    "app_label": "auth",
    "model": "group"
  }
},
{
  "model": "contenttypes.contenttype",
  "fields": {
    "app_label": "auth",
    "model": "permission"
  }
},
{
  "model": "contenttypes.contenttype",
  "fields": {
    "app_label": "contenttypes",
    "model": "contenttype"
  }
},
{
  "model": "contenttypes.contenttype",
  "fields": {
    "app_label": "sessions",
    "model": "session"
  }
},
{
  "model": "contenttypes.contenttype",
  "fields": {
    "app_label": "sites",
    "model": "site"
  }
},
{
  "model": "contenttypes.contenttype",
  "fields": {
    "app_label": "authtoken",
    "model": "token"
  }
},
{
  "model": "contenttypes.contenttype",
  "fields": {
    "app_label": "authtoken",
    "model": "tokenproxy"
  }
},
{
  "model": "contenttypes.contenttype",
  "fields": {
    "app_label": "accounts",
    "model": "user"
  }
},
{
  "model": "contenttypes.contenttype",
  "fields": {
    "app_label": "events",
    "model": "accessorytype"
  }
},
{
  "model": "contenttypes.contenttype",
  "fields": {
    "app_label": "events",
    "model": "event"
  }
},
{
  "model": "contenttypes.contenttype",
  "fields": {
    "app_label": "events",
    "model": "floorplan"
  }
},
{
  "model": "contenttypes.contenttype",
  "fields": {
    "app_label": "events",
    "model": "stall"
  }
},
{
  "model": "contenttypes.contenttype",
  "fields": {
    "app_label": "events",
    "model": "venue"
  }
},
{
  "model": "contenttypes.contenttype",
  "fields": {
    "app_label": "events",
    "model": "zone"
  }
},
{
  "model": "contenttypes.contenttype",
  "fields": {
    "app_label": "bookings",
    "model": "booking"
  }
},
{
  "model": "contenttypes.contenttype",
  "fields": {
    "app_label": "bookings",
    "model": "bookingaccessory"
  }
},
{
  "model": "contenttypes.contenttype",
  "fields": {
    "app_label": "bookings",
    "model": "discountrequest"
  }
},
{
  "model": "contenttypes.contenttype",
  "fields": {
    "app_label": "invoices",
    "model": "invoice"
  }
},
{
  "model": "contenttypes.contenttype",
  "fields": {
    "app_label": "invoices",
    "model": "payment"
  }
},
{
  "model": "contenttypes.contenttype",
  "fields": {
    "app_label": "invoices",
    "model": "paymentreminder"
  }
},
{
  "model": "contenttypes.contenttype",
  "fields": {
    "app_label": "providers",
    "model": "dutyregister"
  }
},
{
  "model": "contenttypes.contenttype",
  "fields": {
    "app_label": "providers",
    "model": "serviceprovider"
  }
},
{
  "model": "contenttypes.contenttype",
  "fields": {
    "app_label": "providers",
    "model": "servicequotation"
  }
},
{
  "model": "contenttypes.contenttype",
  "fields": {
    "app_label": "portal",
    "model": "staffuser"
  }
},
{
  "model": "contenttypes.contenttype",
  "fields": {
    "app_label": "notifications",
    "model": "notification"
  }
},
{
  "model": "contenttypes.contenttype",
  "fields": {
    "app_label": "invoices",
    "model": "ledgerentry"
  }
},
{
  "model": "contenttypes.contenttype",
  "fields": {
    "app_label": "invoices",
    "model": "receipt"
  }
},
{
  "model": "contenttypes.contenttype",
  "fields": {
    "app_label": "accounting",
    "model": "account"
  }
},
{
  "model": "contenttypes.contenttype",
  "fields": {
    "app_label": "accounting",
    "model": "journalentry"
  }
},
{
  "model": "contenttypes.contenttype",
  "fields": {
    "app_label": "accounting",
    "model": "journalline"
  }
},
{
  "model": "contenttypes.contenttype",
  "fields": {
    "app_label": "accounts",
    "model": "role"
  }
},
{
  "model": "contenttypes.contenttype",
  "fields": {
    "app_label": "accounts",
    "model": "rolepermission"
  }
},
{
  "model": "contenttypes.contenttype",
  "fields": {
    "app_label": "providers",
    "model": "expense"
  }
},
{
  "model": "contenttypes.contenttype",
  "fields": {
    "app_label": "providers",
    "model": "servicelog"
  }
},
{
  "model": "contenttypes.contenttype",
  "fields": {
    "app_label": "providers",
    "model": "quotation"
  }
},
{
  "model": "contenttypes.contenttype",
  "fields": {
    "app_label": "providers",
    "model": "quotationapproval"
  }
},
{
  "model": "contenttypes.contenttype",
  "fields": {
    "app_label": "providers",
    "model": "quotationdocument"
  }
},
{
  "model": "contenttypes.contenttype",
  "fields": {
    "app_label": "providers",
    "model": "rfq"
  }
},
{
  "model": "contenttypes.contenttype",
  "fields": {
    "app_label": "providers",
    "model": "rfqcategory"
  }
},
{
  "model": "contenttypes.contenttype",
  "fields": {
    "app_label": "fnb_integration",
    "model": "fnbaccesstoken"
  }
},
{
  "model": "contenttypes.contenttype",
  "fields": {
    "app_label": "fnb_integration",
    "model": "fnbaccount"
  }
},
{
  "model": "contenttypes.contenttype",
  "fields": {
    "app_label": "fnb_integration",
    "model": "fnbpaymentrecord"
  }
},
{
  "model": "contenttypes.contenttype",
  "fields": {
    "app_label": "fnb_integration",
    "model": "fnbtransaction"
  }
},
{
  "model": "sessions.session",
  "pk": "2ujvk5u8pjeaxrs3c39ijyctd9usue5m",
  "fields": {
    "session_data": ".eJxVjEEOwiAQRe_C2hBpIYBL956BzDAzUjWQlHbVeHdt0oVu_3vvbyrBupS0dp7TROqijDr9bgj5yXUH9IB6bzq3uswT6l3RB-361ohf18P9OyjQy7cWdoIEEIYoGA16HxlQBM8wWIqBMyCQQx_EkyO24Mja0YBwHjkb9f4APuc6RQ:1wjFzF:V5n3jNUZ3f0lO_qGU1tgVj2UKO9_7BQUUADYZ5rdmWY",
    "expire_date": "2026-07-27T12:42:17.061Z"
  }
},
{
  "model": "sessions.session",
  "pk": "5cmp8mt0u9nhkmztmw6frrabyep8o8kj",
  "fields": {
    "session_data": ".eJxVjMsOwiAQAP-FsyGyvD169xvIsmylamhS2pPx3w1JD3qdmcxbJNy3mvbOa5qLuAilxOkXZqQnt2HKA9t9kbS0bZ2zHIk8bJe3pfDrerR_g4q9jq8xyngF0QHHPFltFWsopOkMxhIjZx0nDw60CSXbEDAER54xeAuxiM8X3rM3VA:1whFSC:xwl38fMfjsbVvR7k-ewiTQDP3SPHidvKcnZoy1xmcLk",
    "expire_date": "2026-07-21T23:43:52.806Z"
  }
},
{
  "model": "sessions.session",
  "pk": "7alpf1vd9s46f2b2mrnxfqrxagpbgcr8",
  "fields": {
    "session_data": ".eJxVjEEOwiAQRe_C2pChzBR16d4zkAEGqRpISrsy3l2bdKHb_977L-V5XYpfu8x-SuqsjFWH3zFwfEjdSLpzvTUdW13mKehN0Tvt-tqSPC-7-3dQuJdvTWyGI2LIJIDRQiYUR0EipTyyAzAoKZuc2aIMGEdywgGJCE4YQNT7AxALOFQ:1whGOG:4pZ4qbdLCDBDGk5ocgzl4_Nf_TPK_dFg1lyN55TrAIY",
    "expire_date": "2026-07-22T00:43:52.714Z"
  }
},
{
  "model": "sessions.session",
  "pk": "7fmsnh51ypca0vz0jkjqhua0bho19bpa",
  "fields": {
    "session_data": ".eJxVjEEOwiAQAP_C2RCgVFiP3n0DYdlFqgaS0p6MfzckPeh1ZjJvEeK-lbB3XsNC4iK0OP0yjOnJdQh6xHpvMrW6rQvKkcjDdnlrxK_r0f4NSuxlbBUbk2xiBnPW4MCCnnFyZEghkgXnI3jrs2P0M0LKpBRom5XWaGgSny_RWTd7:1whGfp:Ktsec4-dsHhYzTImSaDPboBX6DOPvI3bNAIVO77bdz0",
    "expire_date": "2026-07-22T01:02:01.944Z"
  }
},
{
  "model": "sessions.session",
  "pk": "7p1uokndf9lsmq8py0lbu8633hv002th",
  "fields": {
    "session_data": ".eJxVjDsOAjEMBe-SGkWJlS8lPWeIbMciCyiR9lMh7g4rbQHtm5n3UgW3tZVtkblMVZ2VVaffjZAf0ndQ79hvQ_Po6zyR3hV90EVfR5Xn5XD_Dhou7VsHAjEW2LAFcSjiMnESbwP5TAZyoIwOIYoLhiUK2eydT5IgVkeo3h_ncDf6:1whDLU:QagX-ivZ2zdWQ9NykuD6l7Ehy0wphTdgyDSNPzNWEL4",
    "expire_date": "2026-07-21T21:28:48.665Z"
  }
},
{
  "model": "sessions.session",
  "pk": "f8r9508bxikuhluzco02uxkqwrtljvny",
  "fields": {
    "session_data": ".eJxVjEEOwiAQRe_C2pCBYSi6dO8ZCDAgVUOT0q6Md7dNutDtf-_9t_BhXapfe579yOIilDj9bjGkZ2474Edo90mmqS3zGOWuyIN2eZs4v66H-3dQQ69brbOzjAHQMTmjEQso41JMGUhZUsYWZJPOPAAxFQMKso4FiPSAWyc-X8CsNsg:1whG3E:LmQkvXLpCPZAIgcLW6ZIQ4MTZqKwvP4DijcmJhilp2A",
    "expire_date": "2026-07-22T00:22:08.384Z"
  }
},
{
  "model": "sessions.session",
  "pk": "g9r0nj5yp04ue5levj3l9kwe04x5r9ws",
  "fields": {
    "session_data": ".eJxVjDsOwjAQBe_iGlmLP7GhpOcM0a53jQPIluKkQtwdIqWA9s3Me6kR16WMa5d5nFidlVOH340wPaRugO9Yb02nVpd5Ir0peqddXxvL87K7fwcFe_nWAQYKJwqQIaYchRGPENkHQBM4GBnYRjLWRAc-k49OwHI2ySJ7I169P-BgN88:1whCWk:aO7Mgm7QvtMZooEOrozlxpL7b3NgnAJ4GHnOn01GwOM",
    "expire_date": "2026-07-21T20:36:22.087Z"
  }
},
{
  "model": "sessions.session",
  "pk": "gv79yqib6j5h5zgbswmepo7f681yn36h",
  "fields": {
    "session_data": ".eJxVjMsOwiAUBf-FtSG8LNSl-34DuQ-QqoGktCvjv2uTLnR7Zua8RIRtLXHraYkzi4vQ4vS7IdAj1R3wHeqtSWp1XWaUuyIP2uXUOD2vh_t3UKCXbx20wczOKgoOtEWL3iYzpDOGgJgV4eiYHCbnHUEG4JGVDnkwngNYEO8P-gw44g:1whDdT:9c0DtP6haWpkeG-0uLEbBWPA9jNKMJoZzJ8agD8UyI8",
    "expire_date": "2026-07-21T21:47:23.972Z"
  }
},
{
  "model": "sessions.session",
  "pk": "jlzy9jdgqoz8s1myqsfi1559rh7u1xni",
  "fields": {
    "session_data": ".eJxVjEEOwiAQRe_C2pCBYSi6dO8ZCDAgVUOT0q6Md7dNutDtf-_9t_BhXapfe579yOIilDj9bjGkZ2474Edo90mmqS3zGOWuyIN2eZs4v66H-3dQQ69brbOzjAHQMTmjEQso41JMGUhZUsYWZJPOPAAxFQMKso4FiPSAWyc-X8CsNsg:1whG2y:r4W841EdgwfiZlVUaZsirXvemdBsndYB8TNlwxjTwGo",
    "expire_date": "2026-07-22T00:21:52.817Z"
  }
},
{
  "model": "sessions.session",
  "pk": "k0bn2xpkuwtynz8pwlefsu0038j3gb8u",
  "fields": {
    "session_data": ".eJxVjMsOwiAQRf-FtSED8hhcuvcbCI9BqgaS0q6M_26bdKHbe865b-bDulS_Dpr9lNmFCXb63WJIT2o7yI_Q7p2n3pZ5inxX-EEHv_VMr-vh_h3UMOpWk5Ml5KCcltGCS6iNPSNBdiCLEphAWC2RrAFSUATApiAIrYzChJl9vsXmNo0:1whCyy:Cf0HSPIYze8k0W8V-dpqOlG-eXD63KI9Z3--g_v_8Ek",
    "expire_date": "2026-07-21T21:05:32.033Z"
  }
},
{
  "model": "sessions.session",
  "pk": "k6ao5hnvmgm84x13fbinpg4rit69q8cq",
  "fields": {
    "session_data": ".eJxVjMsOwiAQRf-FtSED8hhcuvcbCI9BqgaS0q6M_26bdKHbe865b-bDulS_Dpr9lNmFCXb63WJIT2o7yI_Q7p2n3pZ5inxX-EEHv_VMr-vh_h3UMOpWk5Ml5KCcltGCS6iNPSNBdiCLEphAWC2RrAFSUATApiAIrYzChJl9vsXmNo0:1whCXG:HKIwm03Oc6EonWj0P3reE53y6Bi7C4o8vHJmKJpi_fY",
    "expire_date": "2026-07-21T20:36:54.975Z"
  }
},
{
  "model": "sessions.session",
  "pk": "nhkr38hat2nuk19gmptxntdora0tc0e7",
  "fields": {
    "session_data": ".eJxVjMsOwiAQRf-FtSFAebp07zeQYRikaiAp7cr479qkC93ec859sQjbWuM2aIlzZmcm2el3S4APajvId2i3zrG3dZkT3xV-0MGvPdPzcrh_BxVG_dYkM6LQEwFIr0sw3hepApoQZNGgESYrhLMJjCGBSpFwU8mWErhEhtj7A-slOFo:1whTWn:QXblrdnJwMBsPm1BCLoKwaqFnVwPc8whbSGBCT_P4A0",
    "expire_date": "2026-07-22T14:45:33.750Z"
  }
},
{
  "model": "sessions.session",
  "pk": "ocy5z72p0b0ej43wjb7okdkwnnfrfx1q",
  "fields": {
    "session_data": ".eJxVjMsOwiAQRf-FtSED8hhcuvcbCI9BqgaS0q6M_26bdKHbe865b-bDulS_Dpr9lNmFCXb63WJIT2o7yI_Q7p2n3pZ5inxX-EEHv_VMr-vh_h3UMOpWk5Ml5KCcltGCS6iNPSNBdiCLEphAWC2RrAFSUATApiAIrYzChJl9vsXmNo0:1whD4t:Sct7R8OYL3SrLGHuG5tnIZOUajShaIWjuA8B6ZDHv3Q",
    "expire_date": "2026-07-21T21:11:39.334Z"
  }
},
{
  "model": "sessions.session",
  "pk": "sbukzwkvyjm56lmm6aa056ib0b8swdv0",
  "fields": {
    "session_data": ".eJxVjMsOwiAUBf-FtSG8LNSl-34DuQ-QqoGktCvjv2uTLnR7Zua8RIRtLXHraYkzi4vQ4vS7IdAj1R3wHeqtSWp1XWaUuyIP2uXUOD2vh_t3UKCXbx20wczOKgoOtEWL3iYzpDOGgJgV4eiYHCbnHUEG4JGVDnkwngNYEO8P-gw44g:1whDck:3tpWjqrvgeteQE_CaONu4at0RuZincwbfA39H0yZLv4",
    "expire_date": "2026-07-21T21:46:38.635Z"
  }
},
{
  "model": "sessions.session",
  "pk": "sq58l3chepp92l5hvthvfdmuzxxxcpt3",
  "fields": {
    "session_data": ".eJxVjEEOwiAQRe_C2hBpIYBL956BzDAzUjWQlHbVeHdt0oVu_3vvbyrBupS0dp7TROqijDr9bgj5yXUH9IB6bzq3uswT6l3RB-361ohf18P9OyjQy7cWdoIEEIYoGA16HxlQBM8wWIqBMyCQQx_EkyO24Mja0YBwHjkb9f4APuc6RQ:1wjRD3:RW47H0Ofr4DB_ty6PseAv5vgYsPBdMP4dVP2pUuFbW4",
    "expire_date": "2026-07-28T00:41:17.481Z"
  }
},
{
  "model": "sessions.session",
  "pk": "ucac76a1cp1ozys343oq2s5v8f9244l8",
  "fields": {
    "session_data": ".eJxVjMsOwiAQRf-FtSEgjyku3fsNhGEGqRqalHZl_HfbpAvd3nPOfYuY1qXGtfMcRxIXocXpd8OUn9x2QI_U7pPMU1vmEeWuyIN2eZuIX9fD_TuoqdetBmWM80OxDJ4waNZBeXIDWAsKDEIh5xNu2AWbGS3gWbGxZAyWBCg-X77dN4M:1whGP7:YYpzLkEI8ohiIo7xT8_5kDeiNuX_qBHmmdEysP_H-u0",
    "expire_date": "2026-07-22T00:44:45.267Z"
  }
},
{
  "model": "sessions.session",
  "pk": "v49sqn4pk1r3044m7e4ylgvi04tyt0as",
  "fields": {
    "session_data": ".eJxVjDsOwyAQRO9CHSHzNaRM7zOghV0HJxFIxq6i3D1YcpFUI715M28WYN9y2ButYUF2ZYJdflmE9KRyFPiAcq881bKtS-SHws-28akivW6n-3eQoeW-HgWNg0YrwUYayM0JPZD2yRsVhZM0I_ZwqEl46xxpZTpHlMk7YxX7fAHx1jfx:1whFZL:ii9c9jF4S-S0_RYKOLlXzRDK_C9xvxOcKIs9XDU7_GE",
    "expire_date": "2026-07-21T23:51:15.568Z"
  }
},
{
  "model": "sessions.session",
  "pk": "wjtgy2iu63tcqenug17vuo2zyx4y7p87",
  "fields": {
    "session_data": ".eJxVjMEOwiAQRP-FsyEUKAsevfsNZFlWqRpISnsy_rtt0oNe5jDvzbxFxHUpce08xymLsxiUOP2WCenJdSf5gfXeJLW6zFOSuyIP2uW1ZX5dDvfvoGAv29qxTj4gkzZE3gF5BDWwA7QqO2cMJwMGR5vwBg5s2EJpgjFn9EFb8fkCB_s3tA:1whFjy:aqmxZCUdDfxrYe69X79HyjsZteRs5gm2RCONESq-Q9w",
    "expire_date": "2026-07-22T00:02:14.908Z"
  }
},
{
  "model": "sessions.session",
  "pk": "y5i29p21b4jz3q3gjmxqeur02vky2oat",
  "fields": {
    "session_data": ".eJxVjMsOwiAUBf-FtSG8LNSl-34DuQ-QqoGktCvjv2uTLnR7Zua8RIRtLXHraYkzi4vQ4vS7IdAj1R3wHeqtSWp1XWaUuyIP2uXUOD2vh_t3UKCXbx20wczOKgoOtEWL3iYzpDOGgJgV4eiYHCbnHUEG4JGVDnkwngNYEO8P-gw44g:1whDc8:ftNJHaEVqKcLr76JpIm27SyhgFhyxuxeLiO0Em8uRXE",
    "expire_date": "2026-07-21T21:46:00.470Z"
  }
},
{
  "model": "sessions.session",
  "pk": "z18bosbrsuprzq8bozpe4e5hl3x3arj7",
  "fields": {
    "session_data": ".eJxVjDsOwjAQBe_iGln24i8lfc5grXcdHECOFCcV4u4QKQW0b2beSyTc1pq2XpY0sbgIDeL0O2akR2k74Tu22yxpbusyZbkr8qBdDjOX5_Vw_w4q9vqtCUiftUFrNdoxkjUIWaELwefirFEhOzZEGGPIyB5cUBGQ2flRg9Hi_QH_oTfM:1whFoI:ZMKQ2vuwnXifyiyB4ZNbEAra9tVzcGry5lOJCqwbQxE",
    "expire_date": "2026-07-22T00:06:42.207Z"
  }
},
{
  "model": "sites.site",
  "fields": {
    "domain": "127.0.0.1:8000",
    "name": "Al Ansaar Event Management"
  }
},
{
  "model": "accounts.role",
  "pk": 1,
  "fields": {
    "name": "Finance",
    "description": "Finance role",
    "is_active": true,
    "created_at": "2026-07-08T20:42:10.529Z"
  }
},
{
  "model": "accounts.role",
  "pk": 2,
  "fields": {
    "name": "Staff",
    "description": "Staff role",
    "is_active": true,
    "created_at": "2026-07-08T20:42:10.606Z"
  }
},
{
  "model": "accounts.role",
  "pk": 3,
  "fields": {
    "name": "Director",
    "description": "Director role",
    "is_active": true,
    "created_at": "2026-07-08T20:42:10.828Z"
  }
},
{
  "model": "accounts.role",
  "pk": 4,
  "fields": {
    "name": "Admin",
    "description": "Admin role",
    "is_active": true,
    "created_at": "2026-07-08T20:42:11.025Z"
  }
},
{
  "model": "accounts.rolepermission",
  "pk": 1,
  "fields": {
    "role": 1,
    "section": "invoices",
    "can_view": true,
    "can_create": false,
    "can_edit": false,
    "can_delete": false
  }
},
{
  "model": "accounts.rolepermission",
  "pk": 2,
  "fields": {
    "role": 1,
    "section": "payments",
    "can_view": true,
    "can_create": false,
    "can_edit": false,
    "can_delete": false
  }
},
{
  "model": "accounts.rolepermission",
  "pk": 3,
  "fields": {
    "role": 1,
    "section": "accounting",
    "can_view": true,
    "can_create": false,
    "can_edit": false,
    "can_delete": false
  }
},
{
  "model": "accounts.rolepermission",
  "pk": 4,
  "fields": {
    "role": 1,
    "section": "reports",
    "can_view": true,
    "can_create": false,
    "can_edit": false,
    "can_delete": false
  }
},
{
  "model": "accounts.rolepermission",
  "pk": 5,
  "fields": {
    "role": 1,
    "section": "dashboard",
    "can_view": true,
    "can_create": false,
    "can_edit": false,
    "can_delete": false
  }
},
{
  "model": "accounts.rolepermission",
  "pk": 6,
  "fields": {
    "role": 1,
    "section": "exhibitors",
    "can_view": true,
    "can_create": false,
    "can_edit": false,
    "can_delete": false
  }
},
{
  "model": "accounts.rolepermission",
  "pk": 7,
  "fields": {
    "role": 2,
    "section": "dashboard",
    "can_view": true,
    "can_create": false,
    "can_edit": false,
    "can_delete": false
  }
},
{
  "model": "accounts.rolepermission",
  "pk": 8,
  "fields": {
    "role": 2,
    "section": "events",
    "can_view": true,
    "can_create": false,
    "can_edit": false,
    "can_delete": false
  }
},
{
  "model": "accounts.rolepermission",
  "pk": 9,
  "fields": {
    "role": 2,
    "section": "floor_plan",
    "can_view": true,
    "can_create": false,
    "can_edit": false,
    "can_delete": false
  }
},
{
  "model": "accounts.rolepermission",
  "pk": 10,
  "fields": {
    "role": 2,
    "section": "bookings",
    "can_view": true,
    "can_create": false,
    "can_edit": false,
    "can_delete": false
  }
},
{
  "model": "accounts.rolepermission",
  "pk": 11,
  "fields": {
    "role": 2,
    "section": "invoices",
    "can_view": true,
    "can_create": false,
    "can_edit": false,
    "can_delete": false
  }
},
{
  "model": "accounts.rolepermission",
  "pk": 12,
  "fields": {
    "role": 2,
    "section": "payments",
    "can_view": true,
    "can_create": false,
    "can_edit": false,
    "can_delete": false
  }
},
{
  "model": "accounts.rolepermission",
  "pk": 13,
  "fields": {
    "role": 2,
    "section": "exhibitors",
    "can_view": true,
    "can_create": false,
    "can_edit": false,
    "can_delete": false
  }
},
{
  "model": "accounts.rolepermission",
  "pk": 14,
  "fields": {
    "role": 2,
    "section": "providers",
    "can_view": true,
    "can_create": false,
    "can_edit": false,
    "can_delete": false
  }
},
{
  "model": "accounts.rolepermission",
  "pk": 15,
  "fields": {
    "role": 2,
    "section": "expenses",
    "can_view": true,
    "can_create": false,
    "can_edit": false,
    "can_delete": false
  }
},
{
  "model": "accounts.rolepermission",
  "pk": 16,
  "fields": {
    "role": 2,
    "section": "reports",
    "can_view": true,
    "can_create": false,
    "can_edit": false,
    "can_delete": false
  }
},
{
  "model": "accounts.rolepermission",
  "pk": 17,
  "fields": {
    "role": 3,
    "section": "dashboard",
    "can_view": true,
    "can_create": false,
    "can_edit": false,
    "can_delete": false
  }
},
{
  "model": "accounts.rolepermission",
  "pk": 18,
  "fields": {
    "role": 3,
    "section": "events",
    "can_view": true,
    "can_create": false,
    "can_edit": false,
    "can_delete": false
  }
},
{
  "model": "accounts.rolepermission",
  "pk": 19,
  "fields": {
    "role": 3,
    "section": "bookings",
    "can_view": true,
    "can_create": false,
    "can_edit": false,
    "can_delete": false
  }
},
{
  "model": "accounts.rolepermission",
  "pk": 20,
  "fields": {
    "role": 3,
    "section": "invoices",
    "can_view": true,
    "can_create": false,
    "can_edit": false,
    "can_delete": false
  }
},
{
  "model": "accounts.rolepermission",
  "pk": 21,
  "fields": {
    "role": 3,
    "section": "payments",
    "can_view": true,
    "can_create": false,
    "can_edit": false,
    "can_delete": false
  }
},
{
  "model": "accounts.rolepermission",
  "pk": 22,
  "fields": {
    "role": 3,
    "section": "accounting",
    "can_view": true,
    "can_create": false,
    "can_edit": false,
    "can_delete": false
  }
},
{
  "model": "accounts.rolepermission",
  "pk": 23,
  "fields": {
    "role": 3,
    "section": "reports",
    "can_view": true,
    "can_create": false,
    "can_edit": false,
    "can_delete": false
  }
},
{
  "model": "accounts.rolepermission",
  "pk": 24,
  "fields": {
    "role": 3,
    "section": "exhibitors",
    "can_view": true,
    "can_create": false,
    "can_edit": false,
    "can_delete": false
  }
},
{
  "model": "accounts.rolepermission",
  "pk": 25,
  "fields": {
    "role": 4,
    "section": "dashboard",
    "can_view": true,
    "can_create": false,
    "can_edit": false,
    "can_delete": false
  }
},
{
  "model": "accounts.rolepermission",
  "pk": 26,
  "fields": {
    "role": 4,
    "section": "events",
    "can_view": true,
    "can_create": false,
    "can_edit": false,
    "can_delete": false
  }
},
{
  "model": "accounts.rolepermission",
  "pk": 27,
  "fields": {
    "role": 4,
    "section": "floor_plan",
    "can_view": true,
    "can_create": false,
    "can_edit": false,
    "can_delete": false
  }
},
{
  "model": "accounts.rolepermission",
  "pk": 28,
  "fields": {
    "role": 4,
    "section": "bookings",
    "can_view": true,
    "can_create": false,
    "can_edit": false,
    "can_delete": false
  }
},
{
  "model": "accounts.rolepermission",
  "pk": 29,
  "fields": {
    "role": 4,
    "section": "invoices",
    "can_view": true,
    "can_create": false,
    "can_edit": false,
    "can_delete": false
  }
},
{
  "model": "accounts.rolepermission",
  "pk": 30,
  "fields": {
    "role": 4,
    "section": "payments",
    "can_view": true,
    "can_create": false,
    "can_edit": false,
    "can_delete": false
  }
},
{
  "model": "accounts.rolepermission",
  "pk": 31,
  "fields": {
    "role": 4,
    "section": "exhibitors",
    "can_view": true,
    "can_create": false,
    "can_edit": false,
    "can_delete": false
  }
},
{
  "model": "accounts.rolepermission",
  "pk": 32,
  "fields": {
    "role": 4,
    "section": "providers",
    "can_view": true,
    "can_create": false,
    "can_edit": false,
    "can_delete": false
  }
},
{
  "model": "accounts.rolepermission",
  "pk": 33,
  "fields": {
    "role": 4,
    "section": "expenses",
    "can_view": true,
    "can_create": false,
    "can_edit": false,
    "can_delete": false
  }
},
{
  "model": "accounts.rolepermission",
  "pk": 34,
  "fields": {
    "role": 4,
    "section": "accounting",
    "can_view": true,
    "can_create": false,
    "can_edit": false,
    "can_delete": false
  }
},
{
  "model": "accounts.rolepermission",
  "pk": 35,
  "fields": {
    "role": 4,
    "section": "reports",
    "can_view": true,
    "can_create": false,
    "can_edit": false,
    "can_delete": false
  }
},
{
  "model": "accounts.rolepermission",
  "pk": 36,
  "fields": {
    "role": 4,
    "section": "users",
    "can_view": true,
    "can_create": false,
    "can_edit": false,
    "can_delete": false
  }
},
{
  "model": "accounts.rolepermission",
  "pk": 37,
  "fields": {
    "role": 1,
    "section": "events",
    "can_view": true,
    "can_create": false,
    "can_edit": false,
    "can_delete": false
  }
},
{
  "model": "accounts.rolepermission",
  "pk": 38,
  "fields": {
    "role": 1,
    "section": "floor_plan",
    "can_view": true,
    "can_create": false,
    "can_edit": false,
    "can_delete": false
  }
},
{
  "model": "accounts.rolepermission",
  "pk": 39,
  "fields": {
    "role": 1,
    "section": "bookings",
    "can_view": true,
    "can_create": false,
    "can_edit": false,
    "can_delete": false
  }
},
{
  "model": "accounts.rolepermission",
  "pk": 40,
  "fields": {
    "role": 1,
    "section": "providers",
    "can_view": true,
    "can_create": false,
    "can_edit": false,
    "can_delete": false
  }
},
{
  "model": "accounts.rolepermission",
  "pk": 41,
  "fields": {
    "role": 1,
    "section": "expenses",
    "can_view": true,
    "can_create": false,
    "can_edit": false,
    "can_delete": false
  }
},
{
  "model": "accounts.rolepermission",
  "pk": 42,
  "fields": {
    "role": 1,
    "section": "users",
    "can_view": true,
    "can_create": false,
    "can_edit": false,
    "can_delete": false
  }
},
{
  "model": "accounts.rolepermission",
  "pk": 43,
  "fields": {
    "role": 2,
    "section": "accounting",
    "can_view": true,
    "can_create": false,
    "can_edit": false,
    "can_delete": false
  }
},
{
  "model": "accounts.rolepermission",
  "pk": 44,
  "fields": {
    "role": 2,
    "section": "users",
    "can_view": true,
    "can_create": false,
    "can_edit": false,
    "can_delete": false
  }
},
{
  "model": "accounts.rolepermission",
  "pk": 45,
  "fields": {
    "role": 3,
    "section": "floor_plan",
    "can_view": true,
    "can_create": false,
    "can_edit": false,
    "can_delete": false
  }
},
{
  "model": "accounts.rolepermission",
  "pk": 46,
  "fields": {
    "role": 3,
    "section": "providers",
    "can_view": true,
    "can_create": false,
    "can_edit": false,
    "can_delete": false
  }
},
{
  "model": "accounts.rolepermission",
  "pk": 47,
  "fields": {
    "role": 3,
    "section": "expenses",
    "can_view": true,
    "can_create": false,
    "can_edit": false,
    "can_delete": false
  }
},
{
  "model": "accounts.rolepermission",
  "pk": 48,
  "fields": {
    "role": 3,
    "section": "users",
    "can_view": true,
    "can_create": false,
    "can_edit": false,
    "can_delete": false
  }
},
{
  "model": "accounts.rolepermission",
  "pk": 49,
  "fields": {
    "role": 1,
    "section": "rfq",
    "can_view": true,
    "can_create": false,
    "can_edit": false,
    "can_delete": false
  }
},
{
  "model": "accounts.rolepermission",
  "pk": 50,
  "fields": {
    "role": 2,
    "section": "rfq",
    "can_view": true,
    "can_create": false,
    "can_edit": false,
    "can_delete": false
  }
},
{
  "model": "accounts.rolepermission",
  "pk": 51,
  "fields": {
    "role": 3,
    "section": "rfq",
    "can_view": true,
    "can_create": false,
    "can_edit": false,
    "can_delete": false
  }
},
{
  "model": "accounts.rolepermission",
  "pk": 52,
  "fields": {
    "role": 4,
    "section": "rfq",
    "can_view": true,
    "can_create": false,
    "can_edit": false,
    "can_delete": false
  }
},
{
  "model": "events.venue",
  "pk": 1,
  "fields": {
    "name": "Durban International Convention Centre (DICC)",
    "address": "45 Bram Fischer Road, Durban, 4001",
    "city": "Durban",
    "province": "KwaZulu-Natal",
    "width_meters": "80.00",
    "length_meters": "50.00",
    "is_active": true
  }
},
{
  "model": "events.venue",
  "pk": 2,
  "fields": {
    "name": "Durban Exhibition Centre (DEC)",
    "address": "11 Walnut Road, Durban, 4001",
    "city": "Durban",
    "province": "KwaZulu-Natal",
    "width_meters": "120.00",
    "length_meters": "80.00",
    "is_active": true
  }
},
{
  "model": "events.event",
  "pk": 1,
  "fields": {
    "name": "Durban Summer Souk 2026",
    "description": "The premier shopping festival of Durban featuring local artisans, food vendors, and retail exhibitors.",
    "venue": 2,
    "start_date": "2026-12-01",
    "end_date": "2026-12-31",
    "status": "published",
    "organizer_name": "",
    "organizer_email": "",
    "organizer_phone": "",
    "website": "",
    "logo": "",
    "is_public": true,
    "booking_open": true,
    "max_stalls_per_exhibitor": 3,
    "created_at": "2026-07-07T16:58:26.491Z",
    "updated_at": "2026-07-13T12:15:24.701Z"
  }
},
{
  "model": "events.floorplan",
  "pk": 1,
  "fields": {
    "event": 1,
    "image": "floor_plans/dec_floor_plan_bEPbHhk.svg",
    "original_width": 2100,
    "original_height": 2970,
    "scale_factor": 20.0,
    "hall_width_meters": "21.00",
    "hall_height_meters": "29.00",
    "walkway_width_meters": "3.00",
    "calibration_x1": 0.0,
    "calibration_y1": 0.0,
    "calibration_x2": 0.0,
    "calibration_y2": 0.0,
    "calibration_distance_meters": 0.0,
    "walkways_json": "[{\"x\": 377000, \"y\": 490000, \"w\": 6000, \"h\": 2000}, {\"x\": 380000, \"y\": 490000, \"w\": 6000, \"h\": 2000}, {\"x\": 378000, \"y\": 490000, \"w\": 6000, \"h\": 2000}, {\"x\": 378000, \"y\": 490000, \"w\": 6000, \"h\": 2000}, {\"x\": 378000, \"y\": 492000, \"w\": 6000, \"h\": 2000}, {\"x\": 379000, \"y\": 504000, \"w\": 6000, \"h\": 2000}, {\"x\": 430000, \"y\": 464000, \"w\": 6000, \"h\": 2000}, {\"x\": 426000, \"y\": 461000, \"w\": 6000, \"h\": 2000}, {\"x\": 418000, \"y\": 454000, \"w\": 6000, \"h\": 2000}]",
    "exit_markers_json": "[]",
    "grid_spacing_px": 20,
    "snap_to_grid_px": 20,
    "notes": "",
    "uploaded_at": "2026-07-07T20:28:35.850Z"
  }
},
{
  "model": "events.zone",
  "pk": 1,
  "fields": {
    "event": 1,
    "name": "Main Exhibition Hall",
    "zone_type": "exhibition",
    "color": "#5B2C6F",
    "is_bookable": true
  }
},
{
  "model": "events.zone",
  "pk": 2,
  "fields": {
    "event": 1,
    "name": "Food Court",
    "zone_type": "food",
    "color": "#c2185b",
    "is_bookable": true
  }
},
{
  "model": "events.zone",
  "pk": 3,
  "fields": {
    "event": 1,
    "name": "Aisle A",
    "zone_type": "aisle",
    "color": "#95a5a6",
    "is_bookable": false
  }
},
{
  "model": "events.zone",
  "pk": 4,
  "fields": {
    "event": 1,
    "name": "Aisle B",
    "zone_type": "aisle",
    "color": "#95a5a6",
    "is_bookable": false
  }
},
{
  "model": "events.zone",
  "pk": 5,
  "fields": {
    "event": 1,
    "name": "Entrance Area",
    "zone_type": "entrance",
    "color": "#2ecc71",
    "is_bookable": false
  }
},
{
  "model": "events.zone",
  "pk": 6,
  "fields": {
    "event": 1,
    "name": "Fashion Row",
    "zone_type": "exhibition",
    "color": "#e65100",
    "is_bookable": true
  }
},
{
  "model": "events.zone",
  "pk": 7,
  "fields": {
    "event": 1,
    "name": "Coast of Dreams",
    "zone_type": "exhibition",
    "color": "#00838f",
    "is_bookable": true
  }
},
{
  "model": "events.zone",
  "pk": 8,
  "fields": {
    "event": 1,
    "name": "Entertainment",
    "zone_type": "entertainment",
    "color": "#7b1fa2",
    "is_bookable": true
  }
},
{
  "model": "events.zone",
  "pk": 9,
  "fields": {
    "event": 1,
    "name": "Outdoor",
    "zone_type": "exhibition",
    "color": "#9e9e9e",
    "is_bookable": true
  }
},
{
  "model": "events.zone",
  "pk": 10,
  "fields": {
    "event": 1,
    "name": "Hall 1",
    "zone_type": "exhibition",
    "color": "#5B2C6F",
    "is_bookable": true
  }
},
{
  "model": "events.zone",
  "pk": 11,
  "fields": {
    "event": 1,
    "name": "Hall 2 West",
    "zone_type": "exhibition",
    "color": "#7B3F95",
    "is_bookable": true
  }
},
{
  "model": "events.zone",
  "pk": 12,
  "fields": {
    "event": 1,
    "name": "Hall 2 Central",
    "zone_type": "exhibition",
    "color": "#6C3483",
    "is_bookable": true
  }
},
{
  "model": "events.zone",
  "pk": 13,
  "fields": {
    "event": 1,
    "name": "Hall 2 East",
    "zone_type": "exhibition",
    "color": "#8E44AD",
    "is_bookable": true
  }
},
{
  "model": "events.zone",
  "pk": 14,
  "fields": {
    "event": 1,
    "name": "Mystrals",
    "zone_type": "exhibition",
    "color": "#e74c3c",
    "is_bookable": true
  }
},
{
  "model": "events.zone",
  "pk": 15,
  "fields": {
    "event": 1,
    "name": "Hall 6A",
    "zone_type": "exhibition",
    "color": "#2980b9",
    "is_bookable": true
  }
},
{
  "model": "events.zone",
  "pk": 16,
  "fields": {
    "event": 1,
    "name": "Hall 6B",
    "zone_type": "exhibition",
    "color": "#3498db",
    "is_bookable": true
  }
},
{
  "model": "events.zone",
  "pk": 17,
  "fields": {
    "event": 1,
    "name": "Outdoor Gardens",
    "zone_type": "exhibition",
    "color": "#27ae60",
    "is_bookable": true
  }
},
{
  "model": "events.zone",
  "pk": 18,
  "fields": {
    "event": 1,
    "name": "North Plaza",
    "zone_type": "entrance",
    "color": "#7f8c8d",
    "is_bookable": false
  }
},
{
  "model": "events.zone",
  "pk": 19,
  "fields": {
    "event": 1,
    "name": "South Plaza",
    "zone_type": "entrance",
    "color": "#7f8c8d",
    "is_bookable": false
  }
},
{
  "model": "events.zone",
  "pk": 20,
  "fields": {
    "event": 1,
    "name": "Exhibition Centre",
    "zone_type": "exhibition",
    "color": "#34495e",
    "is_bookable": true
  }
},
{
  "model": "events.zone",
  "pk": 21,
  "fields": {
    "event": 1,
    "name": "Parking",
    "zone_type": "parking",
    "color": "#95a5a6",
    "is_bookable": false
  }
},
{
  "model": "events.stall",
  "pk": 567,
  "fields": {
    "event": 1,
    "zone": 3,
    "name": "Stand 1",
    "stall_prefix": "Stand",
    "position_x": 413000,
    "position_y": 506000,
    "width": 3000,
    "height": 3000,
    "size_sqm": "9.00",
    "base_price": "5000.00",
    "corner_premium": "0.00",
    "status": "available",
    "has_water": false,
    "has_wifi": false,
    "is_corner": false,
    "is_near_entrance": false,
    "is_accessible": false,
    "entrance_premium": "0.00",
    "max_electricity_amps": 15,
    "num_tables": 1,
    "num_chairs": 2,
    "electrical_instructions": "",
    "build_instructions": "",
    "created_at": "2026-07-13T18:44:44.564Z"
  }
},
{
  "model": "events.stall",
  "pk": 568,
  "fields": {
    "event": 1,
    "zone": 3,
    "name": "Stand 2",
    "stall_prefix": "Stand",
    "position_x": 410000,
    "position_y": 506000,
    "width": 3000,
    "height": 3000,
    "size_sqm": "9.00",
    "base_price": "5000.00",
    "corner_premium": "0.00",
    "status": "available",
    "has_water": false,
    "has_wifi": false,
    "is_corner": false,
    "is_near_entrance": false,
    "is_accessible": false,
    "entrance_premium": "0.00",
    "max_electricity_amps": 15,
    "num_tables": 1,
    "num_chairs": 2,
    "electrical_instructions": "",
    "build_instructions": "",
    "created_at": "2026-07-13T18:44:44.573Z"
  }
},
{
  "model": "events.stall",
  "pk": 569,
  "fields": {
    "event": 1,
    "zone": 3,
    "name": "Stand 3",
    "stall_prefix": "Stand",
    "position_x": 3000,
    "position_y": 3000,
    "width": 3000,
    "height": 3000,
    "size_sqm": "9.00",
    "base_price": "5000.00",
    "corner_premium": "0.00",
    "status": "available",
    "has_water": false,
    "has_wifi": false,
    "is_corner": false,
    "is_near_entrance": false,
    "is_accessible": false,
    "entrance_premium": "0.00",
    "max_electricity_amps": 15,
    "num_tables": 1,
    "num_chairs": 2,
    "electrical_instructions": "",
    "build_instructions": "",
    "created_at": "2026-07-13T18:44:44.580Z"
  }
},
{
  "model": "events.stall",
  "pk": 570,
  "fields": {
    "event": 1,
    "zone": 3,
    "name": "Stand 4",
    "stall_prefix": "Stand",
    "position_x": 407000,
    "position_y": 506000,
    "width": 3000,
    "height": 3000,
    "size_sqm": "9.00",
    "base_price": "5000.00",
    "corner_premium": "0.00",
    "status": "available",
    "has_water": false,
    "has_wifi": false,
    "is_corner": false,
    "is_near_entrance": false,
    "is_accessible": false,
    "entrance_premium": "0.00",
    "max_electricity_amps": 15,
    "num_tables": 1,
    "num_chairs": 2,
    "electrical_instructions": "",
    "build_instructions": "",
    "created_at": "2026-07-13T18:44:44.586Z"
  }
},
{
  "model": "events.stall",
  "pk": 571,
  "fields": {
    "event": 1,
    "zone": 3,
    "name": "Stand 5",
    "stall_prefix": "Stand",
    "position_x": 404000,
    "position_y": 506000,
    "width": 3000,
    "height": 3000,
    "size_sqm": "9.00",
    "base_price": "5000.00",
    "corner_premium": "0.00",
    "status": "available",
    "has_water": false,
    "has_wifi": false,
    "is_corner": false,
    "is_near_entrance": false,
    "is_accessible": false,
    "entrance_premium": "0.00",
    "max_electricity_amps": 15,
    "num_tables": 1,
    "num_chairs": 2,
    "electrical_instructions": "",
    "build_instructions": "",
    "created_at": "2026-07-13T18:44:44.593Z"
  }
},
{
  "model": "events.stall",
  "pk": 572,
  "fields": {
    "event": 1,
    "zone": 3,
    "name": "Stand 6",
    "stall_prefix": "Stand",
    "position_x": 394000,
    "position_y": 506000,
    "width": 3000,
    "height": 3000,
    "size_sqm": "9.00",
    "base_price": "5000.00",
    "corner_premium": "0.00",
    "status": "available",
    "has_water": false,
    "has_wifi": false,
    "is_corner": false,
    "is_near_entrance": false,
    "is_accessible": false,
    "entrance_premium": "0.00",
    "max_electricity_amps": 15,
    "num_tables": 1,
    "num_chairs": 2,
    "electrical_instructions": "",
    "build_instructions": "",
    "created_at": "2026-07-13T18:44:44.602Z"
  }
},
{
  "model": "events.stall",
  "pk": 573,
  "fields": {
    "event": 1,
    "zone": 3,
    "name": "Stand 7",
    "stall_prefix": "Stand",
    "position_x": 3000,
    "position_y": 3000,
    "width": 3000,
    "height": 3000,
    "size_sqm": "9.00",
    "base_price": "5000.00",
    "corner_premium": "0.00",
    "status": "available",
    "has_water": false,
    "has_wifi": false,
    "is_corner": false,
    "is_near_entrance": false,
    "is_accessible": false,
    "entrance_premium": "0.00",
    "max_electricity_amps": 15,
    "num_tables": 1,
    "num_chairs": 2,
    "electrical_instructions": "",
    "build_instructions": "",
    "created_at": "2026-07-13T18:44:44.609Z"
  }
},
{
  "model": "events.stall",
  "pk": 574,
  "fields": {
    "event": 1,
    "zone": 3,
    "name": "Stand 8",
    "stall_prefix": "Stand",
    "position_x": 391000,
    "position_y": 506000,
    "width": 3000,
    "height": 3000,
    "size_sqm": "9.00",
    "base_price": "5000.00",
    "corner_premium": "0.00",
    "status": "available",
    "has_water": false,
    "has_wifi": false,
    "is_corner": false,
    "is_near_entrance": false,
    "is_accessible": false,
    "entrance_premium": "0.00",
    "max_electricity_amps": 15,
    "num_tables": 1,
    "num_chairs": 2,
    "electrical_instructions": "",
    "build_instructions": "",
    "created_at": "2026-07-13T18:44:44.617Z"
  }
},
{
  "model": "events.stall",
  "pk": 575,
  "fields": {
    "event": 1,
    "zone": 3,
    "name": "Stand 9",
    "stall_prefix": "Stand",
    "position_x": 388000,
    "position_y": 506000,
    "width": 3000,
    "height": 3000,
    "size_sqm": "9.00",
    "base_price": "5000.00",
    "corner_premium": "0.00",
    "status": "available",
    "has_water": false,
    "has_wifi": false,
    "is_corner": false,
    "is_near_entrance": false,
    "is_accessible": false,
    "entrance_premium": "0.00",
    "max_electricity_amps": 15,
    "num_tables": 1,
    "num_chairs": 2,
    "electrical_instructions": "",
    "build_instructions": "",
    "created_at": "2026-07-13T18:44:44.624Z"
  }
},
{
  "model": "events.stall",
  "pk": 576,
  "fields": {
    "event": 1,
    "zone": 3,
    "name": "Stand 10",
    "stall_prefix": "Stand",
    "position_x": 385000,
    "position_y": 506000,
    "width": 3000,
    "height": 3000,
    "size_sqm": "9.00",
    "base_price": "5000.00",
    "corner_premium": "0.00",
    "status": "available",
    "has_water": false,
    "has_wifi": false,
    "is_corner": false,
    "is_near_entrance": false,
    "is_accessible": false,
    "entrance_premium": "0.00",
    "max_electricity_amps": 15,
    "num_tables": 1,
    "num_chairs": 2,
    "electrical_instructions": "",
    "build_instructions": "",
    "created_at": "2026-07-13T18:44:44.631Z"
  }
},
{
  "model": "events.stall",
  "pk": 577,
  "fields": {
    "event": 1,
    "zone": 3,
    "name": "Stand 11",
    "stall_prefix": "Stand",
    "position_x": 382000,
    "position_y": 506000,
    "width": 3000,
    "height": 3000,
    "size_sqm": "9.00",
    "base_price": "5000.00",
    "corner_premium": "0.00",
    "status": "available",
    "has_water": false,
    "has_wifi": false,
    "is_corner": false,
    "is_near_entrance": false,
    "is_accessible": false,
    "entrance_premium": "0.00",
    "max_electricity_amps": 15,
    "num_tables": 1,
    "num_chairs": 2,
    "electrical_instructions": "",
    "build_instructions": "",
    "created_at": "2026-07-13T18:44:44.639Z"
  }
},
{
  "model": "events.stall",
  "pk": 578,
  "fields": {
    "event": 1,
    "zone": 3,
    "name": "Stand 12",
    "stall_prefix": "Stand",
    "position_x": 377000,
    "position_y": 506000,
    "width": 3000,
    "height": 3000,
    "size_sqm": "9.00",
    "base_price": "5000.00",
    "corner_premium": "0.00",
    "status": "available",
    "has_water": false,
    "has_wifi": false,
    "is_corner": false,
    "is_near_entrance": false,
    "is_accessible": false,
    "entrance_premium": "0.00",
    "max_electricity_amps": 15,
    "num_tables": 1,
    "num_chairs": 2,
    "electrical_instructions": "",
    "build_instructions": "",
    "created_at": "2026-07-13T18:44:44.646Z"
  }
},
{
  "model": "events.stall",
  "pk": 579,
  "fields": {
    "event": 1,
    "zone": 3,
    "name": "Stand 13",
    "stall_prefix": "Stand",
    "position_x": 374000,
    "position_y": 506000,
    "width": 3000,
    "height": 3000,
    "size_sqm": "9.00",
    "base_price": "5000.00",
    "corner_premium": "0.00",
    "status": "available",
    "has_water": false,
    "has_wifi": false,
    "is_corner": false,
    "is_near_entrance": false,
    "is_accessible": false,
    "entrance_premium": "0.00",
    "max_electricity_amps": 15,
    "num_tables": 1,
    "num_chairs": 2,
    "electrical_instructions": "",
    "build_instructions": "",
    "created_at": "2026-07-13T18:44:44.653Z"
  }
},
{
  "model": "events.stall",
  "pk": 580,
  "fields": {
    "event": 1,
    "zone": 3,
    "name": "Stand 14",
    "stall_prefix": "Stand",
    "position_x": 413000,
    "position_y": 501000,
    "width": 3000,
    "height": 3000,
    "size_sqm": "9.00",
    "base_price": "5000.00",
    "corner_premium": "0.00",
    "status": "available",
    "has_water": false,
    "has_wifi": false,
    "is_corner": false,
    "is_near_entrance": false,
    "is_accessible": false,
    "entrance_premium": "0.00",
    "max_electricity_amps": 15,
    "num_tables": 1,
    "num_chairs": 2,
    "electrical_instructions": "",
    "build_instructions": "",
    "created_at": "2026-07-13T18:44:44.661Z"
  }
},
{
  "model": "events.stall",
  "pk": 581,
  "fields": {
    "event": 1,
    "zone": 3,
    "name": "Stand 15",
    "stall_prefix": "Stand",
    "position_x": 413000,
    "position_y": 498000,
    "width": 3000,
    "height": 3000,
    "size_sqm": "9.00",
    "base_price": "5000.00",
    "corner_premium": "0.00",
    "status": "available",
    "has_water": false,
    "has_wifi": false,
    "is_corner": false,
    "is_near_entrance": false,
    "is_accessible": false,
    "entrance_premium": "0.00",
    "max_electricity_amps": 15,
    "num_tables": 1,
    "num_chairs": 2,
    "electrical_instructions": "",
    "build_instructions": "",
    "created_at": "2026-07-13T18:44:44.668Z"
  }
},
{
  "model": "events.stall",
  "pk": 582,
  "fields": {
    "event": 1,
    "zone": 3,
    "name": "Stand 16",
    "stall_prefix": "Stand",
    "position_x": 410000,
    "position_y": 498000,
    "width": 3000,
    "height": 3000,
    "size_sqm": "9.00",
    "base_price": "5000.00",
    "corner_premium": "0.00",
    "status": "available",
    "has_water": false,
    "has_wifi": false,
    "is_corner": false,
    "is_near_entrance": false,
    "is_accessible": false,
    "entrance_premium": "0.00",
    "max_electricity_amps": 15,
    "num_tables": 1,
    "num_chairs": 2,
    "electrical_instructions": "",
    "build_instructions": "",
    "created_at": "2026-07-13T18:44:44.675Z"
  }
},
{
  "model": "events.stall",
  "pk": 583,
  "fields": {
    "event": 1,
    "zone": 3,
    "name": "Stand 17",
    "stall_prefix": "Stand",
    "position_x": 410000,
    "position_y": 501000,
    "width": 3000,
    "height": 3000,
    "size_sqm": "9.00",
    "base_price": "5000.00",
    "corner_premium": "0.00",
    "status": "available",
    "has_water": false,
    "has_wifi": false,
    "is_corner": false,
    "is_near_entrance": false,
    "is_accessible": false,
    "entrance_premium": "0.00",
    "max_electricity_amps": 15,
    "num_tables": 1,
    "num_chairs": 2,
    "electrical_instructions": "",
    "build_instructions": "",
    "created_at": "2026-07-13T18:44:44.684Z"
  }
},
{
  "model": "events.stall",
  "pk": 584,
  "fields": {
    "event": 1,
    "zone": 3,
    "name": "Stand 18",
    "stall_prefix": "Stand",
    "position_x": 413000,
    "position_y": 493000,
    "width": 3000,
    "height": 3000,
    "size_sqm": "9.00",
    "base_price": "5000.00",
    "corner_premium": "0.00",
    "status": "available",
    "has_water": false,
    "has_wifi": false,
    "is_corner": false,
    "is_near_entrance": false,
    "is_accessible": false,
    "entrance_premium": "0.00",
    "max_electricity_amps": 15,
    "num_tables": 1,
    "num_chairs": 2,
    "electrical_instructions": "",
    "build_instructions": "",
    "created_at": "2026-07-13T18:44:44.691Z"
  }
},
{
  "model": "events.stall",
  "pk": 585,
  "fields": {
    "event": 1,
    "zone": 3,
    "name": "Stand 19",
    "stall_prefix": "Stand",
    "position_x": 410000,
    "position_y": 493000,
    "width": 3000,
    "height": 3000,
    "size_sqm": "9.00",
    "base_price": "5000.00",
    "corner_premium": "0.00",
    "status": "available",
    "has_water": false,
    "has_wifi": false,
    "is_corner": false,
    "is_near_entrance": false,
    "is_accessible": false,
    "entrance_premium": "0.00",
    "max_electricity_amps": 15,
    "num_tables": 1,
    "num_chairs": 2,
    "electrical_instructions": "",
    "build_instructions": "",
    "created_at": "2026-07-13T18:44:44.699Z"
  }
},
{
  "model": "events.stall",
  "pk": 586,
  "fields": {
    "event": 1,
    "zone": 3,
    "name": "Stand 20",
    "stall_prefix": "Stand",
    "position_x": 413000,
    "position_y": 490000,
    "width": 3000,
    "height": 3000,
    "size_sqm": "9.00",
    "base_price": "5000.00",
    "corner_premium": "0.00",
    "status": "available",
    "has_water": false,
    "has_wifi": false,
    "is_corner": false,
    "is_near_entrance": false,
    "is_accessible": false,
    "entrance_premium": "0.00",
    "max_electricity_amps": 15,
    "num_tables": 1,
    "num_chairs": 2,
    "electrical_instructions": "",
    "build_instructions": "",
    "created_at": "2026-07-13T18:44:44.705Z"
  }
},
{
  "model": "events.stall",
  "pk": 587,
  "fields": {
    "event": 1,
    "zone": 3,
    "name": "Stand 21",
    "stall_prefix": "Stand",
    "position_x": 410000,
    "position_y": 490000,
    "width": 3000,
    "height": 3000,
    "size_sqm": "9.00",
    "base_price": "5000.00",
    "corner_premium": "0.00",
    "status": "available",
    "has_water": false,
    "has_wifi": false,
    "is_corner": false,
    "is_near_entrance": false,
    "is_accessible": false,
    "entrance_premium": "0.00",
    "max_electricity_amps": 15,
    "num_tables": 1,
    "num_chairs": 2,
    "electrical_instructions": "",
    "build_instructions": "",
    "created_at": "2026-07-13T18:44:44.712Z"
  }
},
{
  "model": "events.stall",
  "pk": 588,
  "fields": {
    "event": 1,
    "zone": 3,
    "name": "Stand 22",
    "stall_prefix": "Stand",
    "position_x": 405000,
    "position_y": 493000,
    "width": 3000,
    "height": 3000,
    "size_sqm": "9.00",
    "base_price": "5000.00",
    "corner_premium": "0.00",
    "status": "available",
    "has_water": false,
    "has_wifi": false,
    "is_corner": false,
    "is_near_entrance": false,
    "is_accessible": false,
    "entrance_premium": "0.00",
    "max_electricity_amps": 15,
    "num_tables": 1,
    "num_chairs": 2,
    "electrical_instructions": "",
    "build_instructions": "",
    "created_at": "2026-07-13T18:44:44.720Z"
  }
},
{
  "model": "events.stall",
  "pk": 589,
  "fields": {
    "event": 1,
    "zone": 3,
    "name": "Stand 23",
    "stall_prefix": "Stand",
    "position_x": 402000,
    "position_y": 493000,
    "width": 3000,
    "height": 3000,
    "size_sqm": "9.00",
    "base_price": "5000.00",
    "corner_premium": "0.00",
    "status": "available",
    "has_water": false,
    "has_wifi": false,
    "is_corner": false,
    "is_near_entrance": false,
    "is_accessible": false,
    "entrance_premium": "0.00",
    "max_electricity_amps": 15,
    "num_tables": 1,
    "num_chairs": 2,
    "electrical_instructions": "",
    "build_instructions": "",
    "created_at": "2026-07-13T18:44:44.727Z"
  }
},
{
  "model": "events.stall",
  "pk": 590,
  "fields": {
    "event": 1,
    "zone": 3,
    "name": "Stand 24",
    "stall_prefix": "Stand",
    "position_x": 405000,
    "position_y": 490000,
    "width": 3000,
    "height": 3000,
    "size_sqm": "9.00",
    "base_price": "5000.00",
    "corner_premium": "0.00",
    "status": "available",
    "has_water": false,
    "has_wifi": false,
    "is_corner": false,
    "is_near_entrance": false,
    "is_accessible": false,
    "entrance_premium": "0.00",
    "max_electricity_amps": 15,
    "num_tables": 1,
    "num_chairs": 2,
    "electrical_instructions": "",
    "build_instructions": "",
    "created_at": "2026-07-13T18:44:44.734Z"
  }
},
{
  "model": "events.stall",
  "pk": 591,
  "fields": {
    "event": 1,
    "zone": 3,
    "name": "Stand 25",
    "stall_prefix": "Stand",
    "position_x": 402000,
    "position_y": 490000,
    "width": 3000,
    "height": 3000,
    "size_sqm": "9.00",
    "base_price": "5000.00",
    "corner_premium": "0.00",
    "status": "reserved",
    "has_water": false,
    "has_wifi": false,
    "is_corner": false,
    "is_near_entrance": false,
    "is_accessible": false,
    "entrance_premium": "0.00",
    "max_electricity_amps": 15,
    "num_tables": 1,
    "num_chairs": 2,
    "electrical_instructions": "",
    "build_instructions": "",
    "created_at": "2026-07-13T18:44:44.740Z"
  }
},
{
  "model": "events.stall",
  "pk": 592,
  "fields": {
    "event": 1,
    "zone": 3,
    "name": "Stand 26",
    "stall_prefix": "Stand",
    "position_x": 399000,
    "position_y": 490000,
    "width": 3000,
    "height": 3000,
    "size_sqm": "9.00",
    "base_price": "5000.00",
    "corner_premium": "0.00",
    "status": "available",
    "has_water": false,
    "has_wifi": false,
    "is_corner": false,
    "is_near_entrance": false,
    "is_accessible": false,
    "entrance_premium": "0.00",
    "max_electricity_amps": 15,
    "num_tables": 1,
    "num_chairs": 2,
    "electrical_instructions": "",
    "build_instructions": "",
    "created_at": "2026-07-13T18:44:44.749Z"
  }
},
{
  "model": "events.stall",
  "pk": 593,
  "fields": {
    "event": 1,
    "zone": 3,
    "name": "Stand 27",
    "stall_prefix": "Stand",
    "position_x": 399000,
    "position_y": 493000,
    "width": 3000,
    "height": 3000,
    "size_sqm": "9.00",
    "base_price": "5000.00",
    "corner_premium": "0.00",
    "status": "available",
    "has_water": false,
    "has_wifi": false,
    "is_corner": false,
    "is_near_entrance": false,
    "is_accessible": false,
    "entrance_premium": "0.00",
    "max_electricity_amps": 15,
    "num_tables": 1,
    "num_chairs": 2,
    "electrical_instructions": "",
    "build_instructions": "",
    "created_at": "2026-07-13T18:44:44.755Z"
  }
},
{
  "model": "events.stall",
  "pk": 621,
  "fields": {
    "event": 1,
    "zone": 3,
    "name": "Stand 28",
    "stall_prefix": "Stand",
    "position_x": 405000,
    "position_y": 498000,
    "width": 3000,
    "height": 3000,
    "size_sqm": "9.00",
    "base_price": "5000.00",
    "corner_premium": "0.00",
    "status": "available",
    "has_water": false,
    "has_wifi": false,
    "is_corner": false,
    "is_near_entrance": false,
    "is_accessible": false,
    "entrance_premium": "0.00",
    "max_electricity_amps": 15,
    "num_tables": 1,
    "num_chairs": 2,
    "electrical_instructions": "",
    "build_instructions": "",
    "created_at": "2026-07-13T18:53:23.961Z"
  }
},
{
  "model": "events.stall",
  "pk": 622,
  "fields": {
    "event": 1,
    "zone": 3,
    "name": "Stand 29",
    "stall_prefix": "Stand",
    "position_x": 402000,
    "position_y": 498000,
    "width": 3000,
    "height": 3000,
    "size_sqm": "9.00",
    "base_price": "5000.00",
    "corner_premium": "0.00",
    "status": "available",
    "has_water": false,
    "has_wifi": false,
    "is_corner": false,
    "is_near_entrance": false,
    "is_accessible": false,
    "entrance_premium": "0.00",
    "max_electricity_amps": 15,
    "num_tables": 1,
    "num_chairs": 2,
    "electrical_instructions": "",
    "build_instructions": "",
    "created_at": "2026-07-13T18:53:23.969Z"
  }
},
{
  "model": "events.stall",
  "pk": 623,
  "fields": {
    "event": 1,
    "zone": 3,
    "name": "Stand 30",
    "stall_prefix": "Stand",
    "position_x": 399000,
    "position_y": 498000,
    "width": 3000,
    "height": 3000,
    "size_sqm": "9.00",
    "base_price": "5000.00",
    "corner_premium": "0.00",
    "status": "available",
    "has_water": false,
    "has_wifi": false,
    "is_corner": false,
    "is_near_entrance": false,
    "is_accessible": false,
    "entrance_premium": "0.00",
    "max_electricity_amps": 15,
    "num_tables": 1,
    "num_chairs": 2,
    "electrical_instructions": "",
    "build_instructions": "",
    "created_at": "2026-07-13T18:53:23.977Z"
  }
},
{
  "model": "events.stall",
  "pk": 624,
  "fields": {
    "event": 1,
    "zone": 3,
    "name": "Stand 31",
    "stall_prefix": "Stand",
    "position_x": 3000,
    "position_y": 3000,
    "width": 3000,
    "height": 3000,
    "size_sqm": "9.00",
    "base_price": "5000.00",
    "corner_premium": "0.00",
    "status": "available",
    "has_water": false,
    "has_wifi": false,
    "is_corner": false,
    "is_near_entrance": false,
    "is_accessible": false,
    "entrance_premium": "0.00",
    "max_electricity_amps": 15,
    "num_tables": 1,
    "num_chairs": 2,
    "electrical_instructions": "",
    "build_instructions": "",
    "created_at": "2026-07-13T18:53:23.985Z"
  }
},
{
  "model": "events.stall",
  "pk": 625,
  "fields": {
    "event": 1,
    "zone": 3,
    "name": "Stand 32",
    "stall_prefix": "Stand",
    "position_x": 405000,
    "position_y": 501000,
    "width": 3000,
    "height": 3000,
    "size_sqm": "9.00",
    "base_price": "5000.00",
    "corner_premium": "0.00",
    "status": "available",
    "has_water": false,
    "has_wifi": false,
    "is_corner": false,
    "is_near_entrance": false,
    "is_accessible": false,
    "entrance_premium": "0.00",
    "max_electricity_amps": 15,
    "num_tables": 1,
    "num_chairs": 2,
    "electrical_instructions": "",
    "build_instructions": "",
    "created_at": "2026-07-13T18:53:23.994Z"
  }
},
{
  "model": "events.stall",
  "pk": 626,
  "fields": {
    "event": 1,
    "zone": 3,
    "name": "Stand 33",
    "stall_prefix": "Stand",
    "position_x": 402000,
    "position_y": 501000,
    "width": 3000,
    "height": 3000,
    "size_sqm": "9.00",
    "base_price": "5000.00",
    "corner_premium": "0.00",
    "status": "available",
    "has_water": false,
    "has_wifi": false,
    "is_corner": false,
    "is_near_entrance": false,
    "is_accessible": false,
    "entrance_premium": "0.00",
    "max_electricity_amps": 15,
    "num_tables": 1,
    "num_chairs": 2,
    "electrical_instructions": "",
    "build_instructions": "",
    "created_at": "2026-07-13T18:53:24.003Z"
  }
},
{
  "model": "events.stall",
  "pk": 627,
  "fields": {
    "event": 1,
    "zone": 3,
    "name": "Stand 34",
    "stall_prefix": "Stand",
    "position_x": 399000,
    "position_y": 501000,
    "width": 3000,
    "height": 3000,
    "size_sqm": "9.00",
    "base_price": "5000.00",
    "corner_premium": "0.00",
    "status": "available",
    "has_water": false,
    "has_wifi": false,
    "is_corner": false,
    "is_near_entrance": false,
    "is_accessible": false,
    "entrance_premium": "0.00",
    "max_electricity_amps": 15,
    "num_tables": 1,
    "num_chairs": 2,
    "electrical_instructions": "",
    "build_instructions": "",
    "created_at": "2026-07-13T18:53:24.012Z"
  }
},
{
  "model": "events.stall",
  "pk": 628,
  "fields": {
    "event": 1,
    "zone": 3,
    "name": "Stand 35",
    "stall_prefix": "Stand",
    "position_x": 394000,
    "position_y": 490000,
    "width": 3000,
    "height": 3000,
    "size_sqm": "9.00",
    "base_price": "5000.00",
    "corner_premium": "0.00",
    "status": "available",
    "has_water": false,
    "has_wifi": false,
    "is_corner": false,
    "is_near_entrance": false,
    "is_accessible": false,
    "entrance_premium": "0.00",
    "max_electricity_amps": 15,
    "num_tables": 1,
    "num_chairs": 2,
    "electrical_instructions": "",
    "build_instructions": "",
    "created_at": "2026-07-13T18:53:24.018Z"
  }
},
{
  "model": "events.stall",
  "pk": 629,
  "fields": {
    "event": 1,
    "zone": 3,
    "name": "Stand 36",
    "stall_prefix": "Stand",
    "position_x": 391000,
    "position_y": 490000,
    "width": 3000,
    "height": 3000,
    "size_sqm": "9.00",
    "base_price": "5000.00",
    "corner_premium": "0.00",
    "status": "available",
    "has_water": false,
    "has_wifi": false,
    "is_corner": false,
    "is_near_entrance": false,
    "is_accessible": false,
    "entrance_premium": "0.00",
    "max_electricity_amps": 15,
    "num_tables": 1,
    "num_chairs": 2,
    "electrical_instructions": "",
    "build_instructions": "",
    "created_at": "2026-07-13T18:53:24.027Z"
  }
},
{
  "model": "events.stall",
  "pk": 630,
  "fields": {
    "event": 1,
    "zone": 3,
    "name": "Stand 37",
    "stall_prefix": "Stand",
    "position_x": 388000,
    "position_y": 490000,
    "width": 3000,
    "height": 3000,
    "size_sqm": "9.00",
    "base_price": "5000.00",
    "corner_premium": "0.00",
    "status": "available",
    "has_water": false,
    "has_wifi": false,
    "is_corner": false,
    "is_near_entrance": false,
    "is_accessible": false,
    "entrance_premium": "0.00",
    "max_electricity_amps": 15,
    "num_tables": 1,
    "num_chairs": 2,
    "electrical_instructions": "",
    "build_instructions": "",
    "created_at": "2026-07-13T18:53:24.035Z"
  }
},
{
  "model": "events.stall",
  "pk": 631,
  "fields": {
    "event": 1,
    "zone": 3,
    "name": "Stand 38",
    "stall_prefix": "Stand",
    "position_x": 394000,
    "position_y": 493000,
    "width": 3000,
    "height": 3000,
    "size_sqm": "9.00",
    "base_price": "5000.00",
    "corner_premium": "0.00",
    "status": "available",
    "has_water": false,
    "has_wifi": false,
    "is_corner": false,
    "is_near_entrance": false,
    "is_accessible": false,
    "entrance_premium": "0.00",
    "max_electricity_amps": 15,
    "num_tables": 1,
    "num_chairs": 2,
    "electrical_instructions": "",
    "build_instructions": "",
    "created_at": "2026-07-13T18:53:24.043Z"
  }
},
{
  "model": "events.stall",
  "pk": 632,
  "fields": {
    "event": 1,
    "zone": 3,
    "name": "Stand 39",
    "stall_prefix": "Stand",
    "position_x": 391000,
    "position_y": 493000,
    "width": 3000,
    "height": 3000,
    "size_sqm": "9.00",
    "base_price": "5000.00",
    "corner_premium": "0.00",
    "status": "available",
    "has_water": false,
    "has_wifi": false,
    "is_corner": false,
    "is_near_entrance": false,
    "is_accessible": false,
    "entrance_premium": "0.00",
    "max_electricity_amps": 15,
    "num_tables": 1,
    "num_chairs": 2,
    "electrical_instructions": "",
    "build_instructions": "",
    "created_at": "2026-07-13T18:53:24.050Z"
  }
},
{
  "model": "events.stall",
  "pk": 633,
  "fields": {
    "event": 1,
    "zone": 3,
    "name": "Stand 40",
    "stall_prefix": "Stand",
    "position_x": 388000,
    "position_y": 493000,
    "width": 3000,
    "height": 3000,
    "size_sqm": "9.00",
    "base_price": "5000.00",
    "corner_premium": "0.00",
    "status": "available",
    "has_water": false,
    "has_wifi": false,
    "is_corner": false,
    "is_near_entrance": false,
    "is_accessible": false,
    "entrance_premium": "0.00",
    "max_electricity_amps": 15,
    "num_tables": 1,
    "num_chairs": 2,
    "electrical_instructions": "",
    "build_instructions": "",
    "created_at": "2026-07-13T18:53:24.057Z"
  }
},
{
  "model": "events.stall",
  "pk": 634,
  "fields": {
    "event": 1,
    "zone": 3,
    "name": "Stand 41",
    "stall_prefix": "Stand",
    "position_x": 394000,
    "position_y": 498000,
    "width": 3000,
    "height": 6000,
    "size_sqm": "18.00",
    "base_price": "9000.00",
    "corner_premium": "0.00",
    "status": "available",
    "has_water": false,
    "has_wifi": false,
    "is_corner": false,
    "is_near_entrance": false,
    "is_accessible": false,
    "entrance_premium": "0.00",
    "max_electricity_amps": 15,
    "num_tables": 1,
    "num_chairs": 2,
    "electrical_instructions": "",
    "build_instructions": "",
    "created_at": "2026-07-13T18:53:24.065Z"
  }
},
{
  "model": "events.stall",
  "pk": 635,
  "fields": {
    "event": 1,
    "zone": 3,
    "name": "Stand 42",
    "stall_prefix": "Stand",
    "position_x": 391000,
    "position_y": 498000,
    "width": 3000,
    "height": 3000,
    "size_sqm": "9.00",
    "base_price": "5000.00",
    "corner_premium": "0.00",
    "status": "available",
    "has_water": false,
    "has_wifi": false,
    "is_corner": false,
    "is_near_entrance": false,
    "is_accessible": false,
    "entrance_premium": "0.00",
    "max_electricity_amps": 15,
    "num_tables": 1,
    "num_chairs": 2,
    "electrical_instructions": "",
    "build_instructions": "",
    "created_at": "2026-07-13T18:53:24.071Z"
  }
},
{
  "model": "events.stall",
  "pk": 636,
  "fields": {
    "event": 1,
    "zone": 3,
    "name": "Stand 43",
    "stall_prefix": "Stand",
    "position_x": 391000,
    "position_y": 501000,
    "width": 3000,
    "height": 3000,
    "size_sqm": "9.00",
    "base_price": "5000.00",
    "corner_premium": "0.00",
    "status": "available",
    "has_water": false,
    "has_wifi": false,
    "is_corner": false,
    "is_near_entrance": false,
    "is_accessible": false,
    "entrance_premium": "0.00",
    "max_electricity_amps": 15,
    "num_tables": 1,
    "num_chairs": 2,
    "electrical_instructions": "",
    "build_instructions": "",
    "created_at": "2026-07-13T18:53:24.079Z"
  }
},
{
  "model": "events.stall",
  "pk": 637,
  "fields": {
    "event": 1,
    "zone": 3,
    "name": "Stand 44",
    "stall_prefix": "Stand",
    "position_x": 383000,
    "position_y": 490000,
    "width": 3000,
    "height": 3000,
    "size_sqm": "9.00",
    "base_price": "5000.00",
    "corner_premium": "0.00",
    "status": "available",
    "has_water": false,
    "has_wifi": false,
    "is_corner": false,
    "is_near_entrance": false,
    "is_accessible": false,
    "entrance_premium": "0.00",
    "max_electricity_amps": 15,
    "num_tables": 1,
    "num_chairs": 2,
    "electrical_instructions": "",
    "build_instructions": "",
    "created_at": "2026-07-13T19:25:06.957Z"
  }
},
{
  "model": "events.stall",
  "pk": 638,
  "fields": {
    "event": 1,
    "zone": 3,
    "name": "Stand 45",
    "stall_prefix": "Stand",
    "position_x": 380000,
    "position_y": 490000,
    "width": 3000,
    "height": 3000,
    "size_sqm": "9.00",
    "base_price": "5000.00",
    "corner_premium": "0.00",
    "status": "available",
    "has_water": false,
    "has_wifi": false,
    "is_corner": false,
    "is_near_entrance": false,
    "is_accessible": false,
    "entrance_premium": "0.00",
    "max_electricity_amps": 15,
    "num_tables": 1,
    "num_chairs": 2,
    "electrical_instructions": "",
    "build_instructions": "",
    "created_at": "2026-07-13T19:25:06.966Z"
  }
},
{
  "model": "events.stall",
  "pk": 639,
  "fields": {
    "event": 1,
    "zone": 3,
    "name": "Stand 46",
    "stall_prefix": "Stand",
    "position_x": 374000,
    "position_y": 490000,
    "width": 3000,
    "height": 3000,
    "size_sqm": "9.00",
    "base_price": "5000.00",
    "corner_premium": "0.00",
    "status": "available",
    "has_water": false,
    "has_wifi": false,
    "is_corner": false,
    "is_near_entrance": false,
    "is_accessible": false,
    "entrance_premium": "0.00",
    "max_electricity_amps": 15,
    "num_tables": 1,
    "num_chairs": 2,
    "electrical_instructions": "",
    "build_instructions": "",
    "created_at": "2026-07-13T19:25:06.979Z"
  }
},
{
  "model": "events.stall",
  "pk": 640,
  "fields": {
    "event": 1,
    "zone": 3,
    "name": "Stand 47",
    "stall_prefix": "Stand",
    "position_x": 374000,
    "position_y": 493000,
    "width": 3000,
    "height": 3000,
    "size_sqm": "9.00",
    "base_price": "5000.00",
    "corner_premium": "0.00",
    "status": "available",
    "has_water": false,
    "has_wifi": false,
    "is_corner": false,
    "is_near_entrance": false,
    "is_accessible": false,
    "entrance_premium": "0.00",
    "max_electricity_amps": 15,
    "num_tables": 1,
    "num_chairs": 2,
    "electrical_instructions": "",
    "build_instructions": "",
    "created_at": "2026-07-13T19:25:06.988Z"
  }
},
{
  "model": "events.stall",
  "pk": 641,
  "fields": {
    "event": 1,
    "zone": 3,
    "name": "Stand 48",
    "stall_prefix": "Stand",
    "position_x": 374000,
    "position_y": 496000,
    "width": 3000,
    "height": 3000,
    "size_sqm": "9.00",
    "base_price": "5000.00",
    "corner_premium": "0.00",
    "status": "available",
    "has_water": false,
    "has_wifi": false,
    "is_corner": false,
    "is_near_entrance": false,
    "is_accessible": false,
    "entrance_premium": "0.00",
    "max_electricity_amps": 15,
    "num_tables": 1,
    "num_chairs": 2,
    "electrical_instructions": "",
    "build_instructions": "",
    "created_at": "2026-07-13T19:25:06.997Z"
  }
},
{
  "model": "events.stall",
  "pk": 642,
  "fields": {
    "event": 1,
    "zone": 3,
    "name": "Stand 49",
    "stall_prefix": "Stand",
    "position_x": 374000,
    "position_y": 499000,
    "width": 3000,
    "height": 3000,
    "size_sqm": "9.00",
    "base_price": "5000.00",
    "corner_premium": "0.00",
    "status": "reserved",
    "has_water": false,
    "has_wifi": false,
    "is_corner": false,
    "is_near_entrance": false,
    "is_accessible": false,
    "entrance_premium": "0.00",
    "max_electricity_amps": 15,
    "num_tables": 1,
    "num_chairs": 2,
    "electrical_instructions": "",
    "build_instructions": "",
    "created_at": "2026-07-13T19:25:07.004Z"
  }
},
{
  "model": "events.stall",
  "pk": 643,
  "fields": {
    "event": 1,
    "zone": 3,
    "name": "Stand 50",
    "stall_prefix": "Stand",
    "position_x": 374000,
    "position_y": 502000,
    "width": 3000,
    "height": 3000,
    "size_sqm": "9.00",
    "base_price": "5000.00",
    "corner_premium": "0.00",
    "status": "available",
    "has_water": false,
    "has_wifi": false,
    "is_corner": false,
    "is_near_entrance": false,
    "is_accessible": false,
    "entrance_premium": "0.00",
    "max_electricity_amps": 15,
    "num_tables": 1,
    "num_chairs": 2,
    "electrical_instructions": "",
    "build_instructions": "",
    "created_at": "2026-07-13T19:25:07.012Z"
  }
},
{
  "model": "events.stall",
  "pk": 644,
  "fields": {
    "event": 1,
    "zone": 3,
    "name": "Stand 51",
    "stall_prefix": "Stand",
    "position_x": 383000,
    "position_y": 493000,
    "width": 3000,
    "height": 3000,
    "size_sqm": "9.00",
    "base_price": "5000.00",
    "corner_premium": "0.00",
    "status": "available",
    "has_water": false,
    "has_wifi": false,
    "is_corner": false,
    "is_near_entrance": false,
    "is_accessible": false,
    "entrance_premium": "0.00",
    "max_electricity_amps": 15,
    "num_tables": 1,
    "num_chairs": 2,
    "electrical_instructions": "",
    "build_instructions": "",
    "created_at": "2026-07-13T19:25:07.020Z"
  }
},
{
  "model": "events.stall",
  "pk": 645,
  "fields": {
    "event": 1,
    "zone": 3,
    "name": "Stand 52",
    "stall_prefix": "Stand",
    "position_x": 380000,
    "position_y": 493000,
    "width": 3000,
    "height": 3000,
    "size_sqm": "9.00",
    "base_price": "5000.00",
    "corner_premium": "0.00",
    "status": "available",
    "has_water": false,
    "has_wifi": false,
    "is_corner": false,
    "is_near_entrance": false,
    "is_accessible": false,
    "entrance_premium": "0.00",
    "max_electricity_amps": 15,
    "num_tables": 1,
    "num_chairs": 2,
    "electrical_instructions": "",
    "build_instructions": "",
    "created_at": "2026-07-13T19:25:07.028Z"
  }
},
{
  "model": "events.stall",
  "pk": 646,
  "fields": {
    "event": 1,
    "zone": 3,
    "name": "Stand 53",
    "stall_prefix": "Stand",
    "position_x": 383000,
    "position_y": 498000,
    "width": 3000,
    "height": 3000,
    "size_sqm": "9.00",
    "base_price": "5000.00",
    "corner_premium": "0.00",
    "status": "available",
    "has_water": false,
    "has_wifi": false,
    "is_corner": false,
    "is_near_entrance": false,
    "is_accessible": false,
    "entrance_premium": "0.00",
    "max_electricity_amps": 15,
    "num_tables": 1,
    "num_chairs": 2,
    "electrical_instructions": "",
    "build_instructions": "",
    "created_at": "2026-07-13T19:25:07.036Z"
  }
},
{
  "model": "events.stall",
  "pk": 647,
  "fields": {
    "event": 1,
    "zone": 3,
    "name": "Stand 54",
    "stall_prefix": "Stand",
    "position_x": 383000,
    "position_y": 501000,
    "width": 3000,
    "height": 3000,
    "size_sqm": "9.00",
    "base_price": "5000.00",
    "corner_premium": "0.00",
    "status": "available",
    "has_water": false,
    "has_wifi": false,
    "is_corner": false,
    "is_near_entrance": false,
    "is_accessible": false,
    "entrance_premium": "0.00",
    "max_electricity_amps": 15,
    "num_tables": 1,
    "num_chairs": 2,
    "electrical_instructions": "",
    "build_instructions": "",
    "created_at": "2026-07-13T19:25:07.044Z"
  }
},
{
  "model": "events.stall",
  "pk": 648,
  "fields": {
    "event": 1,
    "zone": 3,
    "name": "Stand 55",
    "stall_prefix": "Stand",
    "position_x": 380000,
    "position_y": 498000,
    "width": 3000,
    "height": 3000,
    "size_sqm": "9.00",
    "base_price": "5000.00",
    "corner_premium": "0.00",
    "status": "available",
    "has_water": false,
    "has_wifi": false,
    "is_corner": false,
    "is_near_entrance": false,
    "is_accessible": false,
    "entrance_premium": "0.00",
    "max_electricity_amps": 15,
    "num_tables": 1,
    "num_chairs": 2,
    "electrical_instructions": "",
    "build_instructions": "",
    "created_at": "2026-07-13T19:25:07.052Z"
  }
},
{
  "model": "events.stall",
  "pk": 649,
  "fields": {
    "event": 1,
    "zone": 3,
    "name": "Stand 56",
    "stall_prefix": "Stand",
    "position_x": 380000,
    "position_y": 501000,
    "width": 3000,
    "height": 3000,
    "size_sqm": "9.00",
    "base_price": "5000.00",
    "corner_premium": "0.00",
    "status": "available",
    "has_water": false,
    "has_wifi": false,
    "is_corner": false,
    "is_near_entrance": false,
    "is_accessible": false,
    "entrance_premium": "0.00",
    "max_electricity_amps": 15,
    "num_tables": 1,
    "num_chairs": 2,
    "electrical_instructions": "",
    "build_instructions": "",
    "created_at": "2026-07-13T19:25:07.060Z"
  }
},
{
  "model": "events.stall",
  "pk": 650,
  "fields": {
    "event": 1,
    "zone": 5,
    "name": "Food 1",
    "stall_prefix": "Food",
    "position_x": 429000,
    "position_y": 462000,
    "width": 4000,
    "height": 3000,
    "size_sqm": "12.00",
    "base_price": "8000.00",
    "corner_premium": "0.00",
    "status": "available",
    "has_water": false,
    "has_wifi": false,
    "is_corner": false,
    "is_near_entrance": false,
    "is_accessible": false,
    "entrance_premium": "0.00",
    "max_electricity_amps": 15,
    "num_tables": 1,
    "num_chairs": 2,
    "electrical_instructions": "",
    "build_instructions": "",
    "created_at": "2026-07-13T19:29:28.538Z"
  }
},
{
  "model": "events.stall",
  "pk": 651,
  "fields": {
    "event": 1,
    "zone": 5,
    "name": "Food 2",
    "stall_prefix": "Food",
    "position_x": 3000,
    "position_y": 3000,
    "width": 4000,
    "height": 3000,
    "size_sqm": "12.00",
    "base_price": "8000.00",
    "corner_premium": "0.00",
    "status": "available",
    "has_water": false,
    "has_wifi": false,
    "is_corner": false,
    "is_near_entrance": false,
    "is_accessible": false,
    "entrance_premium": "0.00",
    "max_electricity_amps": 15,
    "num_tables": 1,
    "num_chairs": 2,
    "electrical_instructions": "",
    "build_instructions": "",
    "created_at": "2026-07-13T19:29:28.547Z"
  }
},
{
  "model": "events.stall",
  "pk": 652,
  "fields": {
    "event": 1,
    "zone": 5,
    "name": "Food 3",
    "stall_prefix": "Food",
    "position_x": 433000,
    "position_y": 462000,
    "width": 4000,
    "height": 3000,
    "size_sqm": "12.00",
    "base_price": "8000.00",
    "corner_premium": "0.00",
    "status": "available",
    "has_water": false,
    "has_wifi": false,
    "is_corner": false,
    "is_near_entrance": false,
    "is_accessible": false,
    "entrance_premium": "0.00",
    "max_electricity_amps": 15,
    "num_tables": 1,
    "num_chairs": 2,
    "electrical_instructions": "",
    "build_instructions": "",
    "created_at": "2026-07-13T19:29:28.556Z"
  }
},
{
  "model": "events.stall",
  "pk": 653,
  "fields": {
    "event": 1,
    "zone": 5,
    "name": "Food 4",
    "stall_prefix": "Food",
    "position_x": 437000,
    "position_y": 462000,
    "width": 4000,
    "height": 3000,
    "size_sqm": "12.00",
    "base_price": "8000.00",
    "corner_premium": "0.00",
    "status": "available",
    "has_water": false,
    "has_wifi": false,
    "is_corner": false,
    "is_near_entrance": false,
    "is_accessible": false,
    "entrance_premium": "0.00",
    "max_electricity_amps": 15,
    "num_tables": 1,
    "num_chairs": 2,
    "electrical_instructions": "",
    "build_instructions": "",
    "created_at": "2026-07-13T19:29:28.566Z"
  }
},
{
  "model": "events.stall",
  "pk": 654,
  "fields": {
    "event": 1,
    "zone": 5,
    "name": "Food 5",
    "stall_prefix": "Food",
    "position_x": 429000,
    "position_y": 437000,
    "width": 4000,
    "height": 3000,
    "size_sqm": "12.00",
    "base_price": "8000.00",
    "corner_premium": "0.00",
    "status": "available",
    "has_water": false,
    "has_wifi": false,
    "is_corner": false,
    "is_near_entrance": false,
    "is_accessible": false,
    "entrance_premium": "0.00",
    "max_electricity_amps": 15,
    "num_tables": 1,
    "num_chairs": 2,
    "electrical_instructions": "",
    "build_instructions": "",
    "created_at": "2026-07-13T19:29:28.577Z"
  }
},
{
  "model": "events.stall",
  "pk": 655,
  "fields": {
    "event": 1,
    "zone": 5,
    "name": "Food 6",
    "stall_prefix": "Food",
    "position_x": 433000,
    "position_y": 437000,
    "width": 4000,
    "height": 3000,
    "size_sqm": "12.00",
    "base_price": "8000.00",
    "corner_premium": "0.00",
    "status": "available",
    "has_water": false,
    "has_wifi": false,
    "is_corner": false,
    "is_near_entrance": false,
    "is_accessible": false,
    "entrance_premium": "0.00",
    "max_electricity_amps": 15,
    "num_tables": 1,
    "num_chairs": 2,
    "electrical_instructions": "",
    "build_instructions": "",
    "created_at": "2026-07-13T19:29:28.586Z"
  }
},
{
  "model": "events.stall",
  "pk": 656,
  "fields": {
    "event": 1,
    "zone": 5,
    "name": "Stand 57",
    "stall_prefix": "Stand",
    "position_x": 437000,
    "position_y": 437000,
    "width": 3000,
    "height": 3000,
    "size_sqm": "9.00",
    "base_price": "5000.00",
    "corner_premium": "0.00",
    "status": "available",
    "has_water": false,
    "has_wifi": false,
    "is_corner": false,
    "is_near_entrance": false,
    "is_accessible": false,
    "entrance_premium": "0.00",
    "max_electricity_amps": 15,
    "num_tables": 1,
    "num_chairs": 2,
    "electrical_instructions": "",
    "build_instructions": "",
    "created_at": "2026-07-13T19:29:28.593Z"
  }
},
{
  "model": "events.accessorytype",
  "pk": 1,
  "fields": {
    "name": "Electrical Connection (15A)",
    "description": "Single phase 15A power point",
    "price": "350.00",
    "unit": "per connection",
    "icon": "bi-plugin",
    "is_active": true,
    "display_order": 0
  }
},
{
  "model": "events.accessorytype",
  "pk": 2,
  "fields": {
    "name": "Electrical Connection (30A)",
    "description": "Single phase 30A power point",
    "price": "650.00",
    "unit": "per connection",
    "icon": "bi-plugin",
    "is_active": true,
    "display_order": 1
  }
},
{
  "model": "events.accessorytype",
  "pk": 3,
  "fields": {
    "name": "Electrical Connection (60A)",
    "description": "Three phase 60A power point",
    "price": "1200.00",
    "unit": "per connection",
    "icon": "bi-plugin",
    "is_active": true,
    "display_order": 2
  }
},
{
  "model": "events.accessorytype",
  "pk": 4,
  "fields": {
    "name": "Additional Lighting",
    "description": "Extra spotlights (per set of 2)",
    "price": "450.00",
    "unit": "per set",
    "icon": "bi-lightbulb",
    "is_active": true,
    "display_order": 3
  }
},
{
  "model": "events.accessorytype",
  "pk": 5,
  "fields": {
    "name": "Fascia Board",
    "description": "Custom printed fascia board with company name",
    "price": "850.00",
    "unit": "per board",
    "icon": "bi-signpost",
    "is_active": true,
    "display_order": 4
  }
},
{
  "model": "events.accessorytype",
  "pk": 6,
  "fields": {
    "name": "Additional Shelving",
    "description": "Extra shelves (per shelf)",
    "price": "250.00",
    "unit": "per shelf",
    "icon": "bi-layers",
    "is_active": true,
    "display_order": 5
  }
},
{
  "model": "events.accessorytype",
  "pk": 7,
  "fields": {
    "name": "Display Cabinet",
    "description": "Lockable glass display cabinet",
    "price": "1200.00",
    "unit": "per unit",
    "icon": "bi-window",
    "is_active": true,
    "display_order": 6
  }
},
{
  "model": "events.accessorytype",
  "pk": 8,
  "fields": {
    "name": "Chair (Extra)",
    "description": "Additional folding chair",
    "price": "75.00",
    "unit": "per chair",
    "icon": "bi-chair",
    "is_active": true,
    "display_order": 7
  }
},
{
  "model": "events.accessorytype",
  "pk": 9,
  "fields": {
    "name": "Table (Extra)",
    "description": "Additional trestle table",
    "price": "350.00",
    "unit": "per table",
    "icon": "bi-table",
    "is_active": true,
    "display_order": 8
  }
},
{
  "model": "events.accessorytype",
  "pk": 10,
  "fields": {
    "name": "Carpet (Additional)",
    "description": "Extra carpet area per m²",
    "price": "180.00",
    "unit": "per m²",
    "icon": "bi-grid",
    "is_active": true,
    "display_order": 9
  }
},
{
  "model": "events.accessorytype",
  "pk": 11,
  "fields": {
    "name": "WiFi Access",
    "description": "High-speed WiFi for the event duration",
    "price": "500.00",
    "unit": "per connection",
    "icon": "bi-wifi",
    "is_active": true,
    "display_order": 10
  }
},
{
  "model": "events.accessorytype",
  "pk": 12,
  "fields": {
    "name": "Water Connection",
    "description": "Direct water supply to stall",
    "price": "800.00",
    "unit": "per connection",
    "icon": "bi-droplet",
    "is_active": true,
    "display_order": 11
  }
},
{
  "model": "bookings.bookingaccessory",
  "pk": 10,
  "fields": {
    "booking": 20,
    "accessory": 1,
    "quantity": 1,
    "price": "350.00"
  }
},
{
  "model": "bookings.bookingaccessory",
  "pk": 11,
  "fields": {
    "booking": 21,
    "accessory": 11,
    "quantity": 1,
    "price": "500.00"
  }
},
{
  "model": "providers.serviceprovider",
  "pk": 1,
  "fields": {
    "email": "mogalia.apps@gmail.com",
    "password": "pbkdf2_sha256$1200000$Vb2RcPcsj5XrRy2gXY1jNn$HJhNVub4kTwmBoyGkeJhP9utCyR9vT5C5V3I6/OE4dU=",
    "company_name": "Ashley Stand Builder",
    "company_type": "sole",
    "registration_number": "",
    "vat_number": "",
    "service_type": "stand_builder",
    "phone": "0683561001",
    "alternative_phone": "",
    "contact_person": "Ashley",
    "physical_address": "",
    "postal_address": "",
    "bank_name": "",
    "bank_branch": "",
    "bank_account_number": "",
    "bank_account_type": "cheque",
    "bank_branch_code": "",
    "is_verified": true,
    "is_active": true,
    "must_change_password": false,
    "created_at": "2026-07-08T21:44:53.998Z"
  }
},
{
  "model": "providers.serviceprovider",
  "pk": 2,
  "fields": {
    "email": "mogalia786@gmail.com",
    "password": "pbkdf2_sha256$1200000$nnI6dFjipgPGPOhk0YJu1p$fF5MC1LnUP9YycrxDKVh/lIDLPgz963rza+kmQCXyxE=",
    "company_name": "Durban Cleaning Service",
    "company_type": "ptyltd",
    "registration_number": "234234",
    "vat_number": "",
    "service_type": "other",
    "phone": "0683561001",
    "alternative_phone": "",
    "contact_person": "Zaid",
    "physical_address": "",
    "postal_address": "",
    "bank_name": "",
    "bank_branch": "",
    "bank_account_number": "",
    "bank_account_type": "business",
    "bank_branch_code": "",
    "is_verified": true,
    "is_active": true,
    "must_change_password": false,
    "created_at": "2026-07-10T00:29:38.823Z"
  }
},
{
  "model": "providers.servicelog",
  "pk": 1,
  "fields": {
    "provider": 1,
    "event": 1,
    "description": "Build up and Breakdown of stands",
    "service_date": "2026-12-31",
    "amount_charged": "200000.00",
    "notes": "",
    "created_at": "2026-07-08T21:49:48.791Z"
  }
},
{
  "model": "providers.rfqcategory",
  "pk": 1,
  "fields": {
    "code": "72140000",
    "name": "Heavy Construction Services",
    "description": "Building and construction services including stand building and structures",
    "is_active": true,
    "created_at": "2026-07-09T22:52:35.690Z"
  }
},
{
  "model": "providers.rfqcategory",
  "pk": 2,
  "fields": {
    "code": "72141000",
    "name": "General Building Construction",
    "description": "General building and facility construction",
    "is_active": true,
    "created_at": "2026-07-09T22:52:35.698Z"
  }
},
{
  "model": "providers.rfqcategory",
  "pk": 3,
  "fields": {
    "code": "72101500",
    "name": "Electrical Services",
    "description": "Electrical installation, maintenance and repair services",
    "is_active": true,
    "created_at": "2026-07-09T22:52:35.705Z"
  }
},
{
  "model": "providers.rfqcategory",
  "pk": 4,
  "fields": {
    "code": "76120000",
    "name": "Refuse Disposal & Cleaning",
    "description": "Cleaning services, waste management and sanitation",
    "is_active": true,
    "created_at": "2026-07-09T22:52:35.712Z"
  }
},
{
  "model": "providers.rfqcategory",
  "pk": 5,
  "fields": {
    "code": "76110000",
    "name": "Security Services",
    "description": "Security, surveillance and access control services",
    "is_active": true,
    "created_at": "2026-07-09T22:52:35.718Z"
  }
},
{
  "model": "providers.rfqcategory",
  "pk": 6,
  "fields": {
    "code": "50200000",
    "name": "Food & Beverage Services",
    "description": "Catering, food preparation and beverage services",
    "is_active": true,
    "created_at": "2026-07-09T22:52:35.727Z"
  }
},
{
  "model": "providers.rfqcategory",
  "pk": 7,
  "fields": {
    "code": "73160000",
    "name": "Audio & Visual Services",
    "description": "Audio/visual equipment, sound systems and production services",
    "is_active": true,
    "created_at": "2026-07-09T22:52:35.735Z"
  }
},
{
  "model": "providers.rfqcategory",
  "pk": 8,
  "fields": {
    "code": "78120000",
    "name": "Logistics & Transport",
    "description": "Logistics, transportation, freight and moving services",
    "is_active": true,
    "created_at": "2026-07-09T22:52:35.744Z"
  }
},
{
  "model": "providers.rfqcategory",
  "pk": 9,
  "fields": {
    "code": "82140000",
    "name": "Graphic Design & Branding",
    "description": "Graphic design, signage, printing and branding services",
    "is_active": true,
    "created_at": "2026-07-09T22:52:35.751Z"
  }
},
{
  "model": "providers.rfqcategory",
  "pk": 10,
  "fields": {
    "code": "43230000",
    "name": "Software & IT Services",
    "description": "Software development, IT support and technology services",
    "is_active": true,
    "created_at": "2026-07-09T22:52:35.760Z"
  }
},
{
  "model": "providers.rfqcategory",
  "pk": 11,
  "fields": {
    "code": "72150000",
    "name": "Specialized Trade Services",
    "description": "Specialized construction and installation services",
    "is_active": true,
    "created_at": "2026-07-09T22:52:35.766Z"
  }
},
{
  "model": "providers.rfqcategory",
  "pk": 12,
  "fields": {
    "code": "50180000",
    "name": "Event Management Services",
    "description": "Event planning, coordination and management services",
    "is_active": true,
    "created_at": "2026-07-09T22:52:35.775Z"
  }
},
{
  "model": "providers.rfqcategory",
  "pk": 13,
  "fields": {
    "code": "78130000",
    "name": "Courier & Postal Services",
    "description": "Courier, delivery and postal services",
    "is_active": true,
    "created_at": "2026-07-09T22:52:35.783Z"
  }
},
{
  "model": "providers.rfqcategory",
  "pk": 14,
  "fields": {
    "code": "72130000",
    "name": "Plumbing Services",
    "description": "Plumbing installation and maintenance",
    "is_active": true,
    "created_at": "2026-07-09T22:52:35.790Z"
  }
},
{
  "model": "providers.rfqcategory",
  "pk": 15,
  "fields": {
    "code": "72160000",
    "name": "HVAC & Refrigeration",
    "description": "Heating, ventilation, air conditioning and refrigeration services",
    "is_active": true,
    "created_at": "2026-07-09T22:52:35.798Z"
  }
},
{
  "model": "providers.rfqcategory",
  "pk": 16,
  "fields": {
    "code": "78000000",
    "name": "Transport & Storage",
    "description": "Transportation and warehousing services",
    "is_active": true,
    "created_at": "2026-07-09T22:52:35.805Z"
  }
},
{
  "model": "providers.rfqcategory",
  "pk": 17,
  "fields": {
    "code": "72120000",
    "name": "Landscaping Services",
    "description": "Landscaping, gardening and grounds maintenance",
    "is_active": true,
    "created_at": "2026-07-09T22:52:35.812Z"
  }
},
{
  "model": "providers.rfqcategory",
  "pk": 18,
  "fields": {
    "code": "80120000",
    "name": "Legal Services",
    "description": "Legal advisory and representation services",
    "is_active": true,
    "created_at": "2026-07-09T22:52:35.819Z"
  }
},
{
  "model": "providers.rfqcategory",
  "pk": 19,
  "fields": {
    "code": "80130000",
    "name": "Accounting & Audit",
    "description": "Accounting, bookkeeping, audit and financial advisory services",
    "is_active": true,
    "created_at": "2026-07-09T22:52:35.827Z"
  }
},
{
  "model": "providers.quotation",
  "pk": 1,
  "fields": {
    "quotation_number": "QTN-2026-0001",
    "rfq": 1,
    "provider": null,
    "submitter_company_name": "Durban Cleaning Service",
    "submitter_email": "mogalia786@gmail.com",
    "submitter_phone": "0683561001",
    "submitter_contact_person": "Zaid",
    "submitter_registration_number": "242222424",
    "submitter_vat_number": "",
    "submitter_company_type": "ptyltd",
    "cover_letter": "dfsgdgdfgsd",
    "methodology": "sfdgggggggdsfg",
    "total_amount_excl": "135000.00",
    "vat_amount": "20250.00",
    "total_amount_incl": "155250.00",
    "payment_terms": "20",
    "validity_period": "30",
    "delivery_timeline": "10",
    "status": "submitted",
    "internal_notes": "",
    "submitted_by_provider": false,
    "submitted_at": "2026-07-09T23:44:41.774Z",
    "updated_at": "2026-07-09T23:44:41.774Z",
    "site_meeting_date": null
  }
},
{
  "model": "providers.quotation",
  "pk": 2,
  "fields": {
    "quotation_number": "QTN-2026-0002",
    "rfq": 1,
    "provider": 2,
    "submitter_company_name": "Durban Cleaning Service",
    "submitter_email": "mogalia786@gmail.com",
    "submitter_phone": "0683561001",
    "submitter_contact_person": "Zaid",
    "submitter_registration_number": "234234",
    "submitter_vat_number": "",
    "submitter_company_type": "ptyltd",
    "cover_letter": "this is my proposal",
    "methodology": "This is what we can offer",
    "total_amount_excl": "140000.00",
    "vat_amount": "21000.00",
    "total_amount_incl": "161000.00",
    "payment_terms": "20",
    "validity_period": "30",
    "delivery_timeline": "10",
    "status": "accepted",
    "internal_notes": "",
    "submitted_by_provider": false,
    "submitted_at": "2026-07-09T23:49:01.350Z",
    "updated_at": "2026-07-10T00:45:22.740Z",
    "site_meeting_date": "2026-10-08T07:00:00Z"
  }
},
{
  "model": "providers.quotationdocument",
  "pk": 1,
  "fields": {
    "quotation": 1,
    "document": "quotation_documents/Durban_Shopping_Festival_2026_Exhibitor_Information_-_Enhanced_Packa_PtAdfYq.pdf",
    "filename": "Durban Shopping Festival 2026 Exhibitor Information - Enhanced Package Stands.pdf",
    "file_size": 934749,
    "description": "",
    "uploaded_at": "2026-07-09T23:44:41.787Z"
  }
},
{
  "model": "providers.quotationdocument",
  "pk": 2,
  "fields": {
    "quotation": 2,
    "document": "quotation_documents/Durban_Shopping_Festival_2026_Exhibitor_Information_-_Food_Court_Stands.pdf",
    "filename": "Durban Shopping Festival 2026 Exhibitor Information - Food Court Stands.pdf",
    "file_size": 453393,
    "description": "",
    "uploaded_at": "2026-07-09T23:49:01.363Z"
  }
},
{
  "model": "accounting.account",
  "pk": 1,
  "fields": {
    "code": "1000",
    "name": "Bank Account",
    "type": "asset",
    "is_active": true,
    "description": "",
    "created_at": "2026-07-07T20:15:50.332Z"
  }
},
{
  "model": "accounting.account",
  "pk": 2,
  "fields": {
    "code": "1100",
    "name": "Accounts Receivable",
    "type": "asset",
    "is_active": true,
    "description": "",
    "created_at": "2026-07-07T20:15:50.339Z"
  }
},
{
  "model": "accounting.account",
  "pk": 3,
  "fields": {
    "code": "1200",
    "name": "Prepaid Expenses",
    "type": "asset",
    "is_active": true,
    "description": "",
    "created_at": "2026-07-07T20:15:50.347Z"
  }
},
{
  "model": "accounting.account",
  "pk": 4,
  "fields": {
    "code": "1300",
    "name": "Deposits Paid",
    "type": "asset",
    "is_active": true,
    "description": "",
    "created_at": "2026-07-07T20:15:50.354Z"
  }
},
{
  "model": "accounting.account",
  "pk": 5,
  "fields": {
    "code": "2000",
    "name": "Accounts Payable",
    "type": "liability",
    "is_active": true,
    "description": "",
    "created_at": "2026-07-07T20:15:50.361Z"
  }
},
{
  "model": "accounting.account",
  "pk": 6,
  "fields": {
    "code": "2100",
    "name": "VAT Payable",
    "type": "liability",
    "is_active": true,
    "description": "",
    "created_at": "2026-07-07T20:15:50.367Z"
  }
},
{
  "model": "accounting.account",
  "pk": 7,
  "fields": {
    "code": "2200",
    "name": "Deposits Received",
    "type": "liability",
    "is_active": true,
    "description": "",
    "created_at": "2026-07-07T20:15:50.374Z"
  }
},
{
  "model": "accounting.account",
  "pk": 8,
  "fields": {
    "code": "3000",
    "name": "Retained Earnings",
    "type": "equity",
    "is_active": true,
    "description": "",
    "created_at": "2026-07-07T20:15:50.381Z"
  }
},
{
  "model": "accounting.account",
  "pk": 9,
  "fields": {
    "code": "4000",
    "name": "Stall Rental Income",
    "type": "income",
    "is_active": true,
    "description": "",
    "created_at": "2026-07-07T20:15:50.388Z"
  }
},
{
  "model": "accounting.account",
  "pk": 10,
  "fields": {
    "code": "4100",
    "name": "Accessory Sales",
    "type": "income",
    "is_active": true,
    "description": "",
    "created_at": "2026-07-07T20:15:50.395Z"
  }
},
{
  "model": "accounting.account",
  "pk": 11,
  "fields": {
    "code": "4200",
    "name": "Service Fees",
    "type": "income",
    "is_active": true,
    "description": "",
    "created_at": "2026-07-07T20:15:50.402Z"
  }
},
{
  "model": "accounting.account",
  "pk": 12,
  "fields": {
    "code": "5000",
    "name": "Venue Hire",
    "type": "expense",
    "is_active": true,
    "description": "",
    "created_at": "2026-07-07T20:15:50.408Z"
  }
},
{
  "model": "accounting.account",
  "pk": 13,
  "fields": {
    "code": "5100",
    "name": "Marketing & Advertising",
    "type": "expense",
    "is_active": true,
    "description": "",
    "created_at": "2026-07-07T20:15:50.415Z"
  }
},
{
  "model": "accounting.account",
  "pk": 14,
  "fields": {
    "code": "5200",
    "name": "Staff Salaries",
    "type": "expense",
    "is_active": true,
    "description": "",
    "created_at": "2026-07-07T20:15:50.421Z"
  }
},
{
  "model": "accounting.account",
  "pk": 15,
  "fields": {
    "code": "5300",
    "name": "Utilities",
    "type": "expense",
    "is_active": true,
    "description": "",
    "created_at": "2026-07-07T20:15:50.428Z"
  }
},
{
  "model": "accounting.account",
  "pk": 16,
  "fields": {
    "code": "5400",
    "name": "Equipment Rental",
    "type": "expense",
    "is_active": true,
    "description": "",
    "created_at": "2026-07-07T20:15:50.433Z"
  }
},
{
  "model": "accounting.account",
  "pk": 17,
  "fields": {
    "code": "5500",
    "name": "Insurance",
    "type": "expense",
    "is_active": true,
    "description": "",
    "created_at": "2026-07-07T20:15:50.439Z"
  }
},
{
  "model": "accounting.account",
  "pk": 18,
  "fields": {
    "code": "5600",
    "name": "Bank Charges",
    "type": "expense",
    "is_active": true,
    "description": "",
    "created_at": "2026-07-07T20:15:50.455Z"
  }
},
{
  "model": "accounting.account",
  "pk": 19,
  "fields": {
    "code": "5700",
    "name": "Administrative Expenses",
    "type": "expense",
    "is_active": true,
    "description": "",
    "created_at": "2026-07-07T20:15:50.461Z"
  }
},
{
  "model": "accounting.journalline",
  "pk": 20,
  "fields": {
    "journal_entry": 9,
    "account": 2,
    "description": "Stall rental - BK-05EE0514",
    "debit": "6325.00",
    "credit": "0.00"
  }
},
{
  "model": "accounting.journalline",
  "pk": 21,
  "fields": {
    "journal_entry": 9,
    "account": 9,
    "description": "Stall rental income",
    "debit": "0.00",
    "credit": "5500.00"
  }
},
{
  "model": "accounting.journalline",
  "pk": 22,
  "fields": {
    "journal_entry": 9,
    "account": 6,
    "description": "VAT on stall rental",
    "debit": "0.00",
    "credit": "825.00"
  }
},
{
  "model": "accounting.journalline",
  "pk": 23,
  "fields": {
    "journal_entry": 10,
    "account": 12,
    "description": "Build and breakdown of stands",
    "debit": "200000.00",
    "credit": "0.00"
  }
},
{
  "model": "accounting.journalline",
  "pk": 24,
  "fields": {
    "journal_entry": 10,
    "account": 6,
    "description": "VAT on Build and breakdown of stands",
    "debit": "30000.00",
    "credit": "0.00"
  }
},
{
  "model": "accounting.journalline",
  "pk": 25,
  "fields": {
    "journal_entry": 10,
    "account": 5,
    "description": "Expense payable - Build and breakdown of stands",
    "debit": "0.00",
    "credit": "230000.00"
  }
},
{
  "model": "accounting.journalline",
  "pk": 26,
  "fields": {
    "journal_entry": 11,
    "account": 5,
    "description": "Pay Build and breakdown of stands",
    "debit": "10000.00",
    "credit": "0.00"
  }
},
{
  "model": "accounting.journalline",
  "pk": 27,
  "fields": {
    "journal_entry": 11,
    "account": 1,
    "description": "EFT - Build and breakdown of stands",
    "debit": "0.00",
    "credit": "10000.00"
  }
},
{
  "model": "accounting.journalline",
  "pk": 28,
  "fields": {
    "journal_entry": 12,
    "account": 1,
    "description": "Payment received - INV-DC62BD4F",
    "debit": "7705.00",
    "credit": "0.00"
  }
},
{
  "model": "accounting.journalline",
  "pk": 29,
  "fields": {
    "journal_entry": 12,
    "account": 2,
    "description": "Settle invoice INV-DC62BD4F",
    "debit": "0.00",
    "credit": "7705.00"
  }
},
{
  "model": "accounting.journalline",
  "pk": 30,
  "fields": {
    "journal_entry": 13,
    "account": 2,
    "description": "Stall rental - BK-1F35B11C",
    "debit": "5750.00",
    "credit": "0.00"
  }
},
{
  "model": "accounting.journalline",
  "pk": 31,
  "fields": {
    "journal_entry": 13,
    "account": 9,
    "description": "Stall rental income",
    "debit": "0.00",
    "credit": "5000.00"
  }
},
{
  "model": "accounting.journalline",
  "pk": 32,
  "fields": {
    "journal_entry": 13,
    "account": 6,
    "description": "VAT on stall rental",
    "debit": "0.00",
    "credit": "750.00"
  }
},
{
  "model": "accounting.journalline",
  "pk": 33,
  "fields": {
    "journal_entry": 14,
    "account": 12,
    "description": "Cleaning Service - Durban Cleaning Service",
    "debit": "140000.00",
    "credit": "0.00"
  }
},
{
  "model": "accounting.journalline",
  "pk": 34,
  "fields": {
    "journal_entry": 14,
    "account": 6,
    "description": "VAT on QTN-2026-0002",
    "debit": "21000.00",
    "credit": "0.00"
  }
},
{
  "model": "accounting.journalline",
  "pk": 35,
  "fields": {
    "journal_entry": 14,
    "account": 5,
    "description": "Payable - QTN-2026-0002 - Durban Cleaning Service",
    "debit": "0.00",
    "credit": "161000.00"
  }
},
{
  "model": "fnb_integration.fnbaccesstoken",
  "pk": 1,
  "fields": {
    "token": "eyJhbGciOiJSUzI1NiIsInR5cCIgOiAiSldUIiwia2lkIiA6ICJ3YW9OUWNoR19HUFNLNHRkam45TmxWQl8xbC1TdkwxbVpkelFtck9QaG8wIn0.eyJleHAiOjE3ODM4MjM3MjgsImlhdCI6MTc4MzgyMzM2OCwianRpIjoiYmYwNDc0NTItM2IyZS00YjBmLTkyYjUtZDk3ZWFmOTk0OTQ0IiwiaXNzIjoiaHR0cHM6Ly9hcGkucC5mbmIuY28uemEvcmVhbG1zL3NlcnZpY2UiLCJzdWIiOiJjOGJlMTcwOS0xOTRhLTQxYTktYmM1ZS1iMWFjNWU5MWE3MjUiLCJ0eXAiOiJCZWFyZXIiLCJhenAiOiJFODRPT0UiLCJzY29wZSI6ImlfY2FuX2NvbnNvbGlkYXRlX3BheW1lbnQgaV9jYW5fYXZzIGlfY2FuX2NhbmNlbF9kZWJpY2hlY2sgaV9jYW5fdHJhbl9oaXN0IGlfY2FuX2NyZWF0ZV9kZWJpY2hlY2tfY29sbGVjdGlvbiBpX2Nhbl9meHBheW1lbnQgaV9jYW5fcGF5bWVudHMgaV9jYW4gaV9jYW5fYW1lbmRfZGViaWNoZWNrIGlfY2FuX3BheXNoYXAgaV9jYW5fY2FsbF9zdGF0ZW1lbnRfc2VydmljZSBpX2Nhbl9pbml0aWF0ZV9kZWJpY2hlY2sgaV9jYW5fY3JlYXRlX25vdGlmaWNhdGlvbl9zZXJ2aWNlIGlfY2FuX2NvbGxlY3Rpb25zIiwiY2xpZW50SWQiOiJFODRPT0UiLCJjbGllbnRIb3N0IjoiMTY4LjIxMC4yMDAuMzYiLCJjbGllbnRBZGRyZXNzIjoiMTY4LjIxMC4yMDAuMzYifQ.OeY1Yjsxsdjoyhs3260tWxHeKsZYNjKJggOiVEOv6UrhpguTmUR0stKGRVR3FCdHMZHTn1mr4hfL36H9e_94tSY9CilvbsXXTinGe5ZZuDtqFPVegMUTp47B9MQ8awgz6BPhgEyJ-L2gAruOXk9IbE0wsShSPAiZVfZ3DefQGo3xWOpe2Iv1ojs2dGPg_7ZOSl1PMHOu3Lv1PZ89I_94ixL58YyCv2J3xF9ehzET6Qsz1VsenenJmM3wZRm6VTSlKJmxYuZnC2YbNBA-MJDcG5U_t6d696XJqNMrKA0kBwhevxYOGdSG0thtJ6e-CEMT-7cuTFVXkZpUBzbpuTdb7Q",
    "expires_at": "2026-07-12T02:35:28.256Z",
    "created_at": "2026-07-12T02:29:28.257Z"
  }
},
{
  "model": "fnb_integration.fnbaccesstoken",
  "pk": 2,
  "fields": {
    "token": "eyJhbGciOiJSUzI1NiIsInR5cCIgOiAiSldUIiwia2lkIiA6ICJ3YW9OUWNoR19HUFNLNHRkam45TmxWQl8xbC1TdkwxbVpkelFtck9QaG8wIn0.eyJleHAiOjE3ODM4MjQyOTYsImlhdCI6MTc4MzgyMzkzNiwianRpIjoiMGU3YzM5MDYtOTEwMS00MTUyLTg0NGUtZTM4ZjI4YzJkOWZjIiwiaXNzIjoiaHR0cHM6Ly9hcGkucC5mbmIuY28uemEvcmVhbG1zL3NlcnZpY2UiLCJzdWIiOiJjOGJlMTcwOS0xOTRhLTQxYTktYmM1ZS1iMWFjNWU5MWE3MjUiLCJ0eXAiOiJCZWFyZXIiLCJhenAiOiJFODRPT0UiLCJzY29wZSI6ImlfY2FuX2NvbnNvbGlkYXRlX3BheW1lbnQgaV9jYW5fYXZzIGlfY2FuX2NhbmNlbF9kZWJpY2hlY2sgaV9jYW5fdHJhbl9oaXN0IGlfY2FuX2NyZWF0ZV9kZWJpY2hlY2tfY29sbGVjdGlvbiBpX2Nhbl9meHBheW1lbnQgaV9jYW5fcGF5bWVudHMgaV9jYW4gaV9jYW5fYW1lbmRfZGViaWNoZWNrIGlfY2FuX3BheXNoYXAgaV9jYW5fY2FsbF9zdGF0ZW1lbnRfc2VydmljZSBpX2Nhbl9pbml0aWF0ZV9kZWJpY2hlY2sgaV9jYW5fY3JlYXRlX25vdGlmaWNhdGlvbl9zZXJ2aWNlIGlfY2FuX2NvbGxlY3Rpb25zIiwiY2xpZW50SWQiOiJFODRPT0UiLCJjbGllbnRIb3N0IjoiMTY4LjIxMC4yMDAuMzYiLCJjbGllbnRBZGRyZXNzIjoiMTY4LjIxMC4yMDAuMzYifQ.e9LQrIiCAlAOnED6JAcZGDhKWVqqjnd0TgXaGt4sWYWtLH41OPG7wyKoC3dG5e9M2T1iA0KnDVV4ynZLPnO2cr5OGraVI9mfGZ5JyWPzV5TsYKeV7L-WpiKqSt0GFocdVvW1SeWHMRs-TsST58pq1b-4jUvsoAO804EKVXrbypMQhsYfRApAG1qqTbNd2T61xNwa5EYGoEA-yjn2ntpyGhDhoP8vVWBWQHxLaJbl4XKLhrONESFUut_-nSsH1fZIY00T25xDFMwpvV3ZKpHJ67suQpSJtONMtYM3w8QKSUkOmENt6pDVV_9izvJ2GSX76G87gCFYtG0QtXa3i-ATog",
    "expires_at": "2026-07-12T02:44:56.583Z",
    "created_at": "2026-07-12T02:38:56.584Z"
  }
},
{
  "model": "fnb_integration.fnbaccesstoken",
  "pk": 3,
  "fields": {
    "token": "eyJhbGciOiJSUzI1NiIsInR5cCIgOiAiSldUIiwia2lkIiA6ICJ3YW9OUWNoR19HUFNLNHRkam45TmxWQl8xbC1TdkwxbVpkelFtck9QaG8wIn0.eyJleHAiOjE3ODM4Mzg5ODAsImlhdCI6MTc4MzgzODYyMCwianRpIjoiMDRmM2QzYjktZmVjYy00MTUwLTlhOTQtMjE4MGQ4ODI1MTMyIiwiaXNzIjoiaHR0cHM6Ly9hcGkucC5mbmIuY28uemEvcmVhbG1zL3NlcnZpY2UiLCJzdWIiOiJjOGJlMTcwOS0xOTRhLTQxYTktYmM1ZS1iMWFjNWU5MWE3MjUiLCJ0eXAiOiJCZWFyZXIiLCJhenAiOiJFODRPT0UiLCJzY29wZSI6ImlfY2FuX2NvbnNvbGlkYXRlX3BheW1lbnQgaV9jYW5fYXZzIGlfY2FuX2NhbmNlbF9kZWJpY2hlY2sgaV9jYW5fdHJhbl9oaXN0IGlfY2FuX2NyZWF0ZV9kZWJpY2hlY2tfY29sbGVjdGlvbiBpX2Nhbl9meHBheW1lbnQgaV9jYW5fcGF5bWVudHMgaV9jYW4gaV9jYW5fYW1lbmRfZGViaWNoZWNrIGlfY2FuX3BheXNoYXAgaV9jYW5fY2FsbF9zdGF0ZW1lbnRfc2VydmljZSBpX2Nhbl9pbml0aWF0ZV9kZWJpY2hlY2sgaV9jYW5fY3JlYXRlX25vdGlmaWNhdGlvbl9zZXJ2aWNlIGlfY2FuX2NvbGxlY3Rpb25zIiwiY2xpZW50SWQiOiJFODRPT0UiLCJjbGllbnRIb3N0IjoiMTY4LjIxMC4yMDAuMzYiLCJjbGllbnRBZGRyZXNzIjoiMTY4LjIxMC4yMDAuMzYifQ.EWNtmVPy33esCZtHkXgqOWVdPMvQKEq_D2wPZ3hDxOgTbdRGSSz2w-FA0O0zVrzYkAkmIiXVQ1V90pAAPr7Pw5hBQRfEQueJO1vD1V3XziOCQgAwN2IvAPEzsioSQBB0yyKcC4WcQ4_9F1d4xEf9kz8gdBt07XhByfVLzoKm9sNaC3NsftjfEOi0WUdM0PTQEwarTRENI-_6ES-iXi7ViR-z7y7ylN4SPM6KIj4K42pJCPC4pPHWNOqWAaTZ8fYL-kzrfwtXCOEC063_EF5H7ItbzrAZoB9tDEwSMs-R8M71DF2_geZoUS8xhNJG9BYpWOm6afveMIuZ67AF2_n7mA",
    "expires_at": "2026-07-12T06:49:40.555Z",
    "created_at": "2026-07-12T06:43:40.556Z"
  }
},
{
  "model": "fnb_integration.fnbaccesstoken",
  "pk": 4,
  "fields": {
    "token": "eyJhbGciOiJSUzI1NiIsInR5cCIgOiAiSldUIiwia2lkIiA6ICJ3YW9OUWNoR19HUFNLNHRkam45TmxWQl8xbC1TdkwxbVpkelFtck9QaG8wIn0.eyJleHAiOjE3ODM4Mzk2MDcsImlhdCI6MTc4MzgzOTI0NywianRpIjoiMzM1ZDc0ZGMtOGFiYi00YjY0LTg5YWYtNTUzYWU3ZDFmNDVjIiwiaXNzIjoiaHR0cHM6Ly9hcGkucC5mbmIuY28uemEvcmVhbG1zL3NlcnZpY2UiLCJzdWIiOiJjOGJlMTcwOS0xOTRhLTQxYTktYmM1ZS1iMWFjNWU5MWE3MjUiLCJ0eXAiOiJCZWFyZXIiLCJhenAiOiJFODRPT0UiLCJzY29wZSI6ImlfY2FuX2NvbnNvbGlkYXRlX3BheW1lbnQgaV9jYW5fYXZzIGlfY2FuX2NhbmNlbF9kZWJpY2hlY2sgaV9jYW5fdHJhbl9oaXN0IGlfY2FuX2NyZWF0ZV9kZWJpY2hlY2tfY29sbGVjdGlvbiBpX2Nhbl9meHBheW1lbnQgaV9jYW5fcGF5bWVudHMgaV9jYW4gaV9jYW5fYW1lbmRfZGViaWNoZWNrIGlfY2FuX3BheXNoYXAgaV9jYW5fY2FsbF9zdGF0ZW1lbnRfc2VydmljZSBpX2Nhbl9pbml0aWF0ZV9kZWJpY2hlY2sgaV9jYW5fY3JlYXRlX25vdGlmaWNhdGlvbl9zZXJ2aWNlIGlfY2FuX2NvbGxlY3Rpb25zIiwiY2xpZW50SWQiOiJFODRPT0UiLCJjbGllbnRIb3N0IjoiMTY4LjIxMC4yMDAuMzYiLCJjbGllbnRBZGRyZXNzIjoiMTY4LjIxMC4yMDAuMzYifQ.gsS3Xl5DmJtQc-7vc_5Lj2KIJKi9OaV1Jdof6otk-152tfAhGhX3K0Riv3zegUd62jDh7dAT30X6tl_FlHlc3PJgy_mByFFLnH8LDn411sgy1zm1UTSIPbQCoBleLMhQbihqPejHfqEUlC5eLeg6eyTByN5j0p5z1Vi9ho5ziIQF3qykVh57-DhWtM5FwhwwVY1AQQ0L0BC5oePaHVZQb8BzfkymRYBInDKdchnBSYDSPkNABR1iZsInWS2zHfQA84XBcbHTDv3zeqR3Nf_WNhRTDYwxWTht3l_w6OcAdh5CvNqq9EH5G5OmQQtttfhDR1xUraXUc-Tr-LNQ2pm2HQ",
    "expires_at": "2026-07-12T07:00:07.431Z",
    "created_at": "2026-07-12T06:54:07.431Z"
  }
},
{
  "model": "fnb_integration.fnbaccesstoken",
  "pk": 5,
  "fields": {
    "token": "eyJhbGciOiJSUzI1NiIsInR5cCIgOiAiSldUIiwia2lkIiA6ICJ3YW9OUWNoR19HUFNLNHRkam45TmxWQl8xbC1TdkwxbVpkelFtck9QaG8wIn0.eyJleHAiOjE3ODM4Mzk5NjksImlhdCI6MTc4MzgzOTYwOSwianRpIjoiZDc4YTczMWMtNDNiYi00YjA0LTg0ODAtYjdlZDA5ZmVhMDQ0IiwiaXNzIjoiaHR0cHM6Ly9hcGkucC5mbmIuY28uemEvcmVhbG1zL3NlcnZpY2UiLCJzdWIiOiJjOGJlMTcwOS0xOTRhLTQxYTktYmM1ZS1iMWFjNWU5MWE3MjUiLCJ0eXAiOiJCZWFyZXIiLCJhenAiOiJFODRPT0UiLCJzY29wZSI6ImlfY2FuX2NvbnNvbGlkYXRlX3BheW1lbnQgaV9jYW5fYXZzIGlfY2FuX2NhbmNlbF9kZWJpY2hlY2sgaV9jYW5fdHJhbl9oaXN0IGlfY2FuX2NyZWF0ZV9kZWJpY2hlY2tfY29sbGVjdGlvbiBpX2Nhbl9meHBheW1lbnQgaV9jYW5fcGF5bWVudHMgaV9jYW4gaV9jYW5fYW1lbmRfZGViaWNoZWNrIGlfY2FuX3BheXNoYXAgaV9jYW5fY2FsbF9zdGF0ZW1lbnRfc2VydmljZSBpX2Nhbl9pbml0aWF0ZV9kZWJpY2hlY2sgaV9jYW5fY3JlYXRlX25vdGlmaWNhdGlvbl9zZXJ2aWNlIGlfY2FuX2NvbGxlY3Rpb25zIiwiY2xpZW50SWQiOiJFODRPT0UiLCJjbGllbnRIb3N0IjoiMTY4LjIxMC4yMDAuMzYiLCJjbGllbnRBZGRyZXNzIjoiMTY4LjIxMC4yMDAuMzYifQ.SdcHS5RdXH3goR716GihNFupjHBzh7IJ7h4rD3APUES3h5IAHIohfITsb1d2D5RTNioKU6kuDWXebWkKXZNOU5TQerCqilEggjMkiHsdqmOXZmRa6bbs5T6P52rCy28kK25s3O0c-OQftxDgSgfWZc7IglVr5yXCO5y6z01FgFu8gZx9nzNqJ8vUFNbqWvnnp0Cy6n5XX4nrIyyxKquGYMzoymVGa95LFijCzXk1D__G7rokaX_RHOjGXTsUz0xMuiiwjA1_sg9TyutSupE-CEB8YcE79Vy-c_1XZS91gZhXxW9nthtopfd0cXpxwx12wOphOf_91L_QIQhSjbWcEQ",
    "expires_at": "2026-07-12T07:06:09.317Z",
    "created_at": "2026-07-12T07:00:09.317Z"
  }
},
{
  "model": "fnb_integration.fnbaccesstoken",
  "pk": 6,
  "fields": {
    "token": "eyJhbGciOiJSUzI1NiIsInR5cCIgOiAiSldUIiwia2lkIiA6ICJ3YW9OUWNoR19HUFNLNHRkam45TmxWQl8xbC1TdkwxbVpkelFtck9QaG8wIn0.eyJleHAiOjE3ODM4NDA0NzAsImlhdCI6MTc4Mzg0MDExMCwianRpIjoiODM1MWUwNzMtODZlZS00MjU2LTlmZjItZjgyYWEwYjQ4NWJmIiwiaXNzIjoiaHR0cHM6Ly9hcGkucC5mbmIuY28uemEvcmVhbG1zL3NlcnZpY2UiLCJzdWIiOiJjOGJlMTcwOS0xOTRhLTQxYTktYmM1ZS1iMWFjNWU5MWE3MjUiLCJ0eXAiOiJCZWFyZXIiLCJhenAiOiJFODRPT0UiLCJzY29wZSI6ImlfY2FuX2NvbnNvbGlkYXRlX3BheW1lbnQgaV9jYW5fYXZzIGlfY2FuX2NhbmNlbF9kZWJpY2hlY2sgaV9jYW5fdHJhbl9oaXN0IGlfY2FuX2NyZWF0ZV9kZWJpY2hlY2tfY29sbGVjdGlvbiBpX2Nhbl9meHBheW1lbnQgaV9jYW5fcGF5bWVudHMgaV9jYW4gaV9jYW5fYW1lbmRfZGViaWNoZWNrIGlfY2FuX3BheXNoYXAgaV9jYW5fY2FsbF9zdGF0ZW1lbnRfc2VydmljZSBpX2Nhbl9pbml0aWF0ZV9kZWJpY2hlY2sgaV9jYW5fY3JlYXRlX25vdGlmaWNhdGlvbl9zZXJ2aWNlIGlfY2FuX2NvbGxlY3Rpb25zIiwiY2xpZW50SWQiOiJFODRPT0UiLCJjbGllbnRIb3N0IjoiMTY4LjIxMC4yMDAuMzYiLCJjbGllbnRBZGRyZXNzIjoiMTY4LjIxMC4yMDAuMzYifQ.coBXn0S1Tu6mmIiK5pUUK-w2V9JgRYkXvJDE9kKxcgs0p3o6JLHe2BEZK6KuBNWd3BHjl9QHnmErKDAd-57LdWcbQE1EudyzmiUXuisW3tDomBN3l9pa3PNF_tEvtLLpTp5hG0vnG3mVFJWfhXd_7OxloIvPQT7frrrILxkwrQ11PMpS9o-F7U_DebcF1sfu5YgjakEFWxLq8b2PXWVixGWBD90-jizv1xSt1BYDkqlzCpDojrJPURvDjTTHBpX484-1SXJGR6t8w6iGMeGZNqydIDcfYVI8hLDB7pzWwVWVC9m6wUlkxFkGUytPd5gU5WaX93K8nTBJpVYMKBjuGA",
    "expires_at": "2026-07-12T07:14:30.402Z",
    "created_at": "2026-07-12T07:08:30.404Z"
  }
},
{
  "model": "fnb_integration.fnbaccesstoken",
  "pk": 7,
  "fields": {
    "token": "eyJhbGciOiJSUzI1NiIsInR5cCIgOiAiSldUIiwia2lkIiA6ICJ3YW9OUWNoR19HUFNLNHRkam45TmxWQl8xbC1TdkwxbVpkelFtck9QaG8wIn0.eyJleHAiOjE3ODM4NDEwNzQsImlhdCI6MTc4Mzg0MDcxNCwianRpIjoiOGU5NTliN2UtOWMzMC00ODFhLWJlMDktODAwMDdlNjFkNjNmIiwiaXNzIjoiaHR0cHM6Ly9hcGkucC5mbmIuY28uemEvcmVhbG1zL3NlcnZpY2UiLCJzdWIiOiJjOGJlMTcwOS0xOTRhLTQxYTktYmM1ZS1iMWFjNWU5MWE3MjUiLCJ0eXAiOiJCZWFyZXIiLCJhenAiOiJFODRPT0UiLCJzY29wZSI6ImlfY2FuX2NvbnNvbGlkYXRlX3BheW1lbnQgaV9jYW5fYXZzIGlfY2FuX2NhbmNlbF9kZWJpY2hlY2sgaV9jYW5fdHJhbl9oaXN0IGlfY2FuX2NyZWF0ZV9kZWJpY2hlY2tfY29sbGVjdGlvbiBpX2Nhbl9meHBheW1lbnQgaV9jYW5fcGF5bWVudHMgaV9jYW4gaV9jYW5fYW1lbmRfZGViaWNoZWNrIGlfY2FuX3BheXNoYXAgaV9jYW5fY2FsbF9zdGF0ZW1lbnRfc2VydmljZSBpX2Nhbl9pbml0aWF0ZV9kZWJpY2hlY2sgaV9jYW5fY3JlYXRlX25vdGlmaWNhdGlvbl9zZXJ2aWNlIGlfY2FuX2NvbGxlY3Rpb25zIiwiY2xpZW50SWQiOiJFODRPT0UiLCJjbGllbnRIb3N0IjoiMTY4LjIxMC4yMDAuMzYiLCJjbGllbnRBZGRyZXNzIjoiMTY4LjIxMC4yMDAuMzYifQ.iM2CZUx19UzNiIKshPGEj-0o8MyI81JU6x1pCvJ8wFOTFTnAHHSlmPn3ayamSUyVXvqci2EtxdhADETuT7Do3c6ZaDzPZ3HQxTPG2o58tfOnbWZTEe5zHjBz7g-YD849XhrRcjcb2Q4uvX9En84HC55zGHLeEXBn6LOBhYdakubHaDFKTW36CUGKHbuz1bCgeLYt79ILfujzRnk0NnKemfrrpo2cznFjGdcORAMnUiN1ps_Ee1axB47Q0q8v5MP9mp5YIGstD46w9wny_XUvuKcgNQXyP-Wrogikqb5SvGGHwZUgToUt_y0NIykDnYWv5526lqygK6xjey6ComiTqQ",
    "expires_at": "2026-07-12T07:24:34.364Z",
    "created_at": "2026-07-12T07:18:34.366Z"
  }
},
{
  "model": "fnb_integration.fnbaccesstoken",
  "pk": 8,
  "fields": {
    "token": "eyJhbGciOiJSUzI1NiIsInR5cCIgOiAiSldUIiwia2lkIiA6ICJ3YW9OUWNoR19HUFNLNHRkam45TmxWQl8xbC1TdkwxbVpkelFtck9QaG8wIn0.eyJleHAiOjE3ODM4NDE2MDUsImlhdCI6MTc4Mzg0MTI0NSwianRpIjoiNDFhNWVkNTgtMGVlMS00OTQxLTg2OTEtNjVkYjc5NTgzNmVlIiwiaXNzIjoiaHR0cHM6Ly9hcGkucC5mbmIuY28uemEvcmVhbG1zL3NlcnZpY2UiLCJzdWIiOiJjOGJlMTcwOS0xOTRhLTQxYTktYmM1ZS1iMWFjNWU5MWE3MjUiLCJ0eXAiOiJCZWFyZXIiLCJhenAiOiJFODRPT0UiLCJzY29wZSI6ImlfY2FuX2NvbnNvbGlkYXRlX3BheW1lbnQgaV9jYW5fYXZzIGlfY2FuX2NhbmNlbF9kZWJpY2hlY2sgaV9jYW5fdHJhbl9oaXN0IGlfY2FuX2NyZWF0ZV9kZWJpY2hlY2tfY29sbGVjdGlvbiBpX2Nhbl9meHBheW1lbnQgaV9jYW5fcGF5bWVudHMgaV9jYW4gaV9jYW5fYW1lbmRfZGViaWNoZWNrIGlfY2FuX3BheXNoYXAgaV9jYW5fY2FsbF9zdGF0ZW1lbnRfc2VydmljZSBpX2Nhbl9pbml0aWF0ZV9kZWJpY2hlY2sgaV9jYW5fY3JlYXRlX25vdGlmaWNhdGlvbl9zZXJ2aWNlIGlfY2FuX2NvbGxlY3Rpb25zIiwiY2xpZW50SWQiOiJFODRPT0UiLCJjbGllbnRIb3N0IjoiMTY4LjIxMC4yMDAuMzYiLCJjbGllbnRBZGRyZXNzIjoiMTY4LjIxMC4yMDAuMzYifQ.BnkI0bl7l0YSby1ioGSPUf5CWTJjQLEDyk_6loITw4JHAmlWAtrN6noL6qjaDMYHgFPhjDY09qAtDwkgoDamyAlY6BcwCt8jJu5ZdOhIVL6KUxF6aEaA--z0jD2OBEQ94X2oJhvOMaEz5jHjE7yUYrIv7Dw-kTJDUUbpsD75mPCjRwbbsRBqQ9f8ko9zavGa9kPGx7khwdMvIXZsYG5j2hLa66V2-hxPAkoiO1uoLC3OFUBIMAj8x_4f_C-nXetYq7K9J4Rh9LoNhTf-1mkN9yGfqiAFSI6vvlhTzLGu8-2EaqjmmdNe-4spiv3BcShnUFho-bHWYctv2A78yJTM9w",
    "expires_at": "2026-07-12T07:33:25.526Z",
    "created_at": "2026-07-12T07:27:25.528Z"
  }
},
{
  "model": "fnb_integration.fnbaccesstoken",
  "pk": 9,
  "fields": {
    "token": "eyJhbGciOiJSUzI1NiIsInR5cCIgOiAiSldUIiwia2lkIiA6ICJ3YW9OUWNoR19HUFNLNHRkam45TmxWQl8xbC1TdkwxbVpkelFtck9QaG8wIn0.eyJleHAiOjE3ODM4NDE5NjYsImlhdCI6MTc4Mzg0MTYwNiwianRpIjoiZDIwYzE0OTctNzA0Mi00N2JjLTg0NzktNjM3ZjIxOTJiNzZiIiwiaXNzIjoiaHR0cHM6Ly9hcGkucC5mbmIuY28uemEvcmVhbG1zL3NlcnZpY2UiLCJzdWIiOiJjOGJlMTcwOS0xOTRhLTQxYTktYmM1ZS1iMWFjNWU5MWE3MjUiLCJ0eXAiOiJCZWFyZXIiLCJhenAiOiJFODRPT0UiLCJzY29wZSI6ImlfY2FuX2NvbnNvbGlkYXRlX3BheW1lbnQgaV9jYW5fYXZzIGlfY2FuX2NhbmNlbF9kZWJpY2hlY2sgaV9jYW5fdHJhbl9oaXN0IGlfY2FuX2NyZWF0ZV9kZWJpY2hlY2tfY29sbGVjdGlvbiBpX2Nhbl9meHBheW1lbnQgaV9jYW5fcGF5bWVudHMgaV9jYW4gaV9jYW5fYW1lbmRfZGViaWNoZWNrIGlfY2FuX3BheXNoYXAgaV9jYW5fY2FsbF9zdGF0ZW1lbnRfc2VydmljZSBpX2Nhbl9pbml0aWF0ZV9kZWJpY2hlY2sgaV9jYW5fY3JlYXRlX25vdGlmaWNhdGlvbl9zZXJ2aWNlIGlfY2FuX2NvbGxlY3Rpb25zIiwiY2xpZW50SWQiOiJFODRPT0UiLCJjbGllbnRIb3N0IjoiMTY4LjIxMC4yMDAuMzYiLCJjbGllbnRBZGRyZXNzIjoiMTY4LjIxMC4yMDAuMzYifQ.M9lLWmR_nDTKXZBFU-c4To-ouQeLlva_luWshAIK1vuEhGKhO-htBqCzJSPXa8ziu6viSdWqXYsJdz1PcKSJoHtWldJEMY5wEoTD7QUuIOz3LuJgR1HAa6hEO75m4-J4x8KkqmFQ7WSnT-Cof7er8ocNVPuMNkcTs3b5jXoCJPw7pg5mm9iBLKM_CGxMHm97vctYuOE3bNuPqxWp0JUU8C4XShU6a5qh9Opk8xPgTUNPnE7criOaVI8oIOnOwMFvQ9Df3I6IfkS1omVWbGlBJUrqGySmOUtRVTcRkrJsSYEaxMAfY6zbcV5Mj0pHArNG0TwIZfOPQzZO0dTs9516Ng",
    "expires_at": "2026-07-12T07:39:26.468Z",
    "created_at": "2026-07-12T07:33:26.471Z"
  }
},
{
  "model": "fnb_integration.fnbaccesstoken",
  "pk": 10,
  "fields": {
    "token": "eyJhbGciOiJSUzI1NiIsInR5cCIgOiAiSldUIiwia2lkIiA6ICJ3YW9OUWNoR19HUFNLNHRkam45TmxWQl8xbC1TdkwxbVpkelFtck9QaG8wIn0.eyJleHAiOjE3ODM4NDIzMjcsImlhdCI6MTc4Mzg0MTk2NywianRpIjoiZDJhY2FiYmQtNjVjOS00NmM0LTk4YmYtYWE3MTE5MzkxZDE5IiwiaXNzIjoiaHR0cHM6Ly9hcGkucC5mbmIuY28uemEvcmVhbG1zL3NlcnZpY2UiLCJzdWIiOiJjOGJlMTcwOS0xOTRhLTQxYTktYmM1ZS1iMWFjNWU5MWE3MjUiLCJ0eXAiOiJCZWFyZXIiLCJhenAiOiJFODRPT0UiLCJzY29wZSI6ImlfY2FuX2NvbnNvbGlkYXRlX3BheW1lbnQgaV9jYW5fYXZzIGlfY2FuX2NhbmNlbF9kZWJpY2hlY2sgaV9jYW5fdHJhbl9oaXN0IGlfY2FuX2NyZWF0ZV9kZWJpY2hlY2tfY29sbGVjdGlvbiBpX2Nhbl9meHBheW1lbnQgaV9jYW5fcGF5bWVudHMgaV9jYW4gaV9jYW5fYW1lbmRfZGViaWNoZWNrIGlfY2FuX3BheXNoYXAgaV9jYW5fY2FsbF9zdGF0ZW1lbnRfc2VydmljZSBpX2Nhbl9pbml0aWF0ZV9kZWJpY2hlY2sgaV9jYW5fY3JlYXRlX25vdGlmaWNhdGlvbl9zZXJ2aWNlIGlfY2FuX2NvbGxlY3Rpb25zIiwiY2xpZW50SWQiOiJFODRPT0UiLCJjbGllbnRIb3N0IjoiMTY4LjIxMC4yMDAuMzYiLCJjbGllbnRBZGRyZXNzIjoiMTY4LjIxMC4yMDAuMzYifQ.FnNZCRzf-J_BMwi7qIGaQiZ7caCpVE4JdRwQVOa7EbxC4zbqkMENpUqD9cYoCtYTw5FC5fd4_4MWu1E4JuE1VdWWGLcJQLaDot7oSccdcOtN8aSon7EWpI0433NHGkTkj2x4kxfacb5d7KF0r-BCUCO0tV4245hlOVA_-lJIS-b1HAGYsHHpITrkRPzLUDYCEERU9Fjgd-V-umqpeSfCL4S11Eq2ceLPhJg-_jyA2BefPeWh3eY-G-ZiM8mRwhqJU8IuzyZ115fHfSxw3rsu8lw8KiYzdNnkYm2des3U6LISqG07KJSDvBII-uIIbsYvsNdkP02KhPVHsuJZJySwJw",
    "expires_at": "2026-07-12T07:45:27.367Z",
    "created_at": "2026-07-12T07:39:27.369Z"
  }
},
{
  "model": "fnb_integration.fnbaccesstoken",
  "pk": 11,
  "fields": {
    "token": "eyJhbGciOiJSUzI1NiIsInR5cCIgOiAiSldUIiwia2lkIiA6ICJ3YW9OUWNoR19HUFNLNHRkam45TmxWQl8xbC1TdkwxbVpkelFtck9QaG8wIn0.eyJleHAiOjE3ODM4NDI5NjMsImlhdCI6MTc4Mzg0MjYwMywianRpIjoiMjNkMDNmOTQtMDc2Mi00YjRkLWE4NGEtYjY1NzRmYjQ1N2E0IiwiaXNzIjoiaHR0cHM6Ly9hcGkucC5mbmIuY28uemEvcmVhbG1zL3NlcnZpY2UiLCJzdWIiOiJjOGJlMTcwOS0xOTRhLTQxYTktYmM1ZS1iMWFjNWU5MWE3MjUiLCJ0eXAiOiJCZWFyZXIiLCJhenAiOiJFODRPT0UiLCJzY29wZSI6ImlfY2FuX2NvbnNvbGlkYXRlX3BheW1lbnQgaV9jYW5fYXZzIGlfY2FuX2NhbmNlbF9kZWJpY2hlY2sgaV9jYW5fdHJhbl9oaXN0IGlfY2FuX2NyZWF0ZV9kZWJpY2hlY2tfY29sbGVjdGlvbiBpX2Nhbl9meHBheW1lbnQgaV9jYW5fcGF5bWVudHMgaV9jYW4gaV9jYW5fYW1lbmRfZGViaWNoZWNrIGlfY2FuX3BheXNoYXAgaV9jYW5fY2FsbF9zdGF0ZW1lbnRfc2VydmljZSBpX2Nhbl9pbml0aWF0ZV9kZWJpY2hlY2sgaV9jYW5fY3JlYXRlX25vdGlmaWNhdGlvbl9zZXJ2aWNlIGlfY2FuX2NvbGxlY3Rpb25zIiwiY2xpZW50SWQiOiJFODRPT0UiLCJjbGllbnRIb3N0IjoiMTY4LjIxMC4yMDAuMzYiLCJjbGllbnRBZGRyZXNzIjoiMTY4LjIxMC4yMDAuMzYifQ.GcVZPxR9b2TfLvoZcUTpwXFl0UYyO9DI0-0SmNUV036-k04Cdm9pZLTFW5C2i53hZyTm_9TXf52xSDbbUGLsgPq0lclXGTPgMaoUgkX-fyhM77scPTXJwlr-3ZiVSD47bBmfEHNaps6WSaWtSKZy96xJx12RTm8NWhWBMBTxmAfBYtoNY9mI0mM0exwXJSQBeEJYYZyKKJwOQLkaAHsEusj4EfmK6NrWhhUv6iFwXqxvOr1DTv-Hk9Hk0EvtTBu4GHpD-QRSgCWJ8WRzSCJjVzopRwxSHoaVGacNDf3mTsg0dML7_PYjhZ3o2W7X34OFK3Kb8KJjblROzYeOwMqmDQ",
    "expires_at": "2026-07-12T07:56:03.563Z",
    "created_at": "2026-07-12T07:50:03.563Z"
  }
},
{
  "model": "fnb_integration.fnbaccesstoken",
  "pk": 12,
  "fields": {
    "token": "eyJhbGciOiJSUzI1NiIsInR5cCIgOiAiSldUIiwia2lkIiA6ICJ3YW9OUWNoR19HUFNLNHRkam45TmxWQl8xbC1TdkwxbVpkelFtck9QaG8wIn0.eyJleHAiOjE3ODM4NDM1NjQsImlhdCI6MTc4Mzg0MzIwNCwianRpIjoiYWFiODJkZmYtYmNjMC00ZjBlLThlOTEtOGRiYTQwNWIzYWU0IiwiaXNzIjoiaHR0cHM6Ly9hcGkucC5mbmIuY28uemEvcmVhbG1zL3NlcnZpY2UiLCJzdWIiOiJjOGJlMTcwOS0xOTRhLTQxYTktYmM1ZS1iMWFjNWU5MWE3MjUiLCJ0eXAiOiJCZWFyZXIiLCJhenAiOiJFODRPT0UiLCJzY29wZSI6ImlfY2FuX2NvbnNvbGlkYXRlX3BheW1lbnQgaV9jYW5fYXZzIGlfY2FuX2NhbmNlbF9kZWJpY2hlY2sgaV9jYW5fdHJhbl9oaXN0IGlfY2FuX2NyZWF0ZV9kZWJpY2hlY2tfY29sbGVjdGlvbiBpX2Nhbl9meHBheW1lbnQgaV9jYW5fcGF5bWVudHMgaV9jYW4gaV9jYW5fYW1lbmRfZGViaWNoZWNrIGlfY2FuX3BheXNoYXAgaV9jYW5fY2FsbF9zdGF0ZW1lbnRfc2VydmljZSBpX2Nhbl9pbml0aWF0ZV9kZWJpY2hlY2sgaV9jYW5fY3JlYXRlX25vdGlmaWNhdGlvbl9zZXJ2aWNlIGlfY2FuX2NvbGxlY3Rpb25zIiwiY2xpZW50SWQiOiJFODRPT0UiLCJjbGllbnRIb3N0IjoiMTY4LjIxMC4yMDAuMzYiLCJjbGllbnRBZGRyZXNzIjoiMTY4LjIxMC4yMDAuMzYifQ.SZhsjS4dGOVutZ9WpaxxL3Ihl-LrvVs_C80SiPkFhuQWbsXjFw6fgAmt25yeIUv3Pfo1z6xvRO3OLI-Bq5wBulWaqCFnLeJoY0I1Gx7mmWryliHmrZpKZ615dyez0aE3pmXRSMSDLw6B8u-rO-BVGvxSo-BjQVDz_nxnugVdOjInO8kpPsQYSePkiUgWLf8EPWqie-8mjIEInzUoESKdj5LmtIa7Uen2sqJeqtIOg5hSt2-mCAVlsRWa8GAVZWZgnNSR4UPG-LgwZI2VJPJXQIb26dGi8EarM7kRra_d-7HDAoJ-M9rci01S9hcCT8OdX96wllcKAU372AzhDigZXw",
    "expires_at": "2026-07-12T08:06:04.999Z",
    "created_at": "2026-07-12T08:00:05.000Z"
  }
},
{
  "model": "fnb_integration.fnbaccesstoken",
  "pk": 13,
  "fields": {
    "token": "eyJhbGciOiJSUzI1NiIsInR5cCIgOiAiSldUIiwia2lkIiA6ICJ3YW9OUWNoR19HUFNLNHRkam45TmxWQl8xbC1TdkwxbVpkelFtck9QaG8wIn0.eyJleHAiOjE3ODM4NDQ2NDUsImlhdCI6MTc4Mzg0NDI4NSwianRpIjoiNjgyZTFiZTItZmI3NS00YWI1LTliMTktMGIwMjYwMTMyOTdlIiwiaXNzIjoiaHR0cHM6Ly9hcGkucC5mbmIuY28uemEvcmVhbG1zL3NlcnZpY2UiLCJzdWIiOiJjOGJlMTcwOS0xOTRhLTQxYTktYmM1ZS1iMWFjNWU5MWE3MjUiLCJ0eXAiOiJCZWFyZXIiLCJhenAiOiJFODRPT0UiLCJzY29wZSI6ImlfY2FuX2NvbnNvbGlkYXRlX3BheW1lbnQgaV9jYW5fYXZzIGlfY2FuX2NhbmNlbF9kZWJpY2hlY2sgaV9jYW5fdHJhbl9oaXN0IGlfY2FuX2NyZWF0ZV9kZWJpY2hlY2tfY29sbGVjdGlvbiBpX2Nhbl9meHBheW1lbnQgaV9jYW5fcGF5bWVudHMgaV9jYW4gaV9jYW5fYW1lbmRfZGViaWNoZWNrIGlfY2FuX3BheXNoYXAgaV9jYW5fY2FsbF9zdGF0ZW1lbnRfc2VydmljZSBpX2Nhbl9pbml0aWF0ZV9kZWJpY2hlY2sgaV9jYW5fY3JlYXRlX25vdGlmaWNhdGlvbl9zZXJ2aWNlIGlfY2FuX2NvbGxlY3Rpb25zIiwiY2xpZW50SWQiOiJFODRPT0UiLCJjbGllbnRIb3N0IjoiMTY4LjIxMC4yMDAuMzYiLCJjbGllbnRBZGRyZXNzIjoiMTY4LjIxMC4yMDAuMzYifQ.UBGg-wCDaQvTjULAZUOHMzizaP9Hj2eZe2Wa3xZddWRi5vgWUJJlB4C32uCf3h0BzWPJXiG9EM7nzL6_tZU8CbCfGd1T2M-lpu3006gpTaSvmUAxHaPjDSGDjmfPHyWDfkx3M0dFZyYORaFO17mOR524oKlPTY8eCVmqGk1WhwK4xLSWTs_Hgo0UPW5euPX-tv2ZjSz0BW3dnVmT90MG8mhKBF-hmu0ib346DCz-4uQx1Vdh0N8GGYor1pn7DaJ_JrAyPSQaKqR3jN7gFHl1ohbF4Al4FBcxj5LJAr6yUtJLInLaaVHkfxklpoQZX-RSJ_ARWBy9DJOmpL1O5oB7nQ",
    "expires_at": "2026-07-12T08:24:05.372Z",
    "created_at": "2026-07-12T08:18:05.374Z"
  }
},
{
  "model": "fnb_integration.fnbaccesstoken",
  "pk": 14,
  "fields": {
    "token": "eyJhbGciOiJSUzI1NiIsInR5cCIgOiAiSldUIiwia2lkIiA6ICJ3YW9OUWNoR19HUFNLNHRkam45TmxWQl8xbC1TdkwxbVpkelFtck9QaG8wIn0.eyJleHAiOjE3ODM4NDUyNzgsImlhdCI6MTc4Mzg0NDkxOCwianRpIjoiOTJiYTQ1N2ItZTlhZi00YTY5LWI3MzgtYWEwN2YyZjBkMDNlIiwiaXNzIjoiaHR0cHM6Ly9hcGkucC5mbmIuY28uemEvcmVhbG1zL3NlcnZpY2UiLCJzdWIiOiJjOGJlMTcwOS0xOTRhLTQxYTktYmM1ZS1iMWFjNWU5MWE3MjUiLCJ0eXAiOiJCZWFyZXIiLCJhenAiOiJFODRPT0UiLCJzY29wZSI6ImlfY2FuX2NvbnNvbGlkYXRlX3BheW1lbnQgaV9jYW5fYXZzIGlfY2FuX2NhbmNlbF9kZWJpY2hlY2sgaV9jYW5fdHJhbl9oaXN0IGlfY2FuX2NyZWF0ZV9kZWJpY2hlY2tfY29sbGVjdGlvbiBpX2Nhbl9meHBheW1lbnQgaV9jYW5fcGF5bWVudHMgaV9jYW4gaV9jYW5fYW1lbmRfZGViaWNoZWNrIGlfY2FuX3BheXNoYXAgaV9jYW5fY2FsbF9zdGF0ZW1lbnRfc2VydmljZSBpX2Nhbl9pbml0aWF0ZV9kZWJpY2hlY2sgaV9jYW5fY3JlYXRlX25vdGlmaWNhdGlvbl9zZXJ2aWNlIGlfY2FuX2NvbGxlY3Rpb25zIiwiY2xpZW50SWQiOiJFODRPT0UiLCJjbGllbnRIb3N0IjoiMTY4LjIxMC4yMDAuMzYiLCJjbGllbnRBZGRyZXNzIjoiMTY4LjIxMC4yMDAuMzYifQ.jV3uo2YL1UzlKK4WcAt2YzPTf6zIdCRWJuyB6caXE37f98e8On79-0E5wakE2bJNei5L2cSHrvxqw8NUJ-YVNa_l5jEl89R--QekVeN19DmZIi0yA9_DuNPIhDfAlOL4_h5UsEpXI7S6ij8VdV1y3dPZa5S_CZogFRm-sSsnw0zctBUvekbvukfWEmaJMu7Ze_f-cL4CPUqP9Ijk_k1NkxrhvJyi5mYudX1PIYo0g5bl3wS-cuZdsvNVtHs11IAN1rhfwdTn8fn0sOVmD02OPZjQbbW068idLjgqcWvo_Au865GAEIEHNfuf6GXMJsR_SWtOlVAQRC7spq0gEcSO_Q",
    "expires_at": "2026-07-12T08:34:38.059Z",
    "created_at": "2026-07-12T08:28:38.060Z"
  }
},
{
  "model": "fnb_integration.fnbaccesstoken",
  "pk": 15,
  "fields": {
    "token": "eyJhbGciOiJSUzI1NiIsInR5cCIgOiAiSldUIiwia2lkIiA6ICJ3YW9OUWNoR19HUFNLNHRkam45TmxWQl8xbC1TdkwxbVpkelFtck9QaG8wIn0.eyJleHAiOjE3ODM4NDU2NDMsImlhdCI6MTc4Mzg0NTI4MywianRpIjoiYjNlZTIyYjYtN2QxNy00NmYyLTgyMTgtMTAwMzE0YTZiODczIiwiaXNzIjoiaHR0cHM6Ly9hcGkucC5mbmIuY28uemEvcmVhbG1zL3NlcnZpY2UiLCJzdWIiOiJjOGJlMTcwOS0xOTRhLTQxYTktYmM1ZS1iMWFjNWU5MWE3MjUiLCJ0eXAiOiJCZWFyZXIiLCJhenAiOiJFODRPT0UiLCJzY29wZSI6ImlfY2FuX2NvbnNvbGlkYXRlX3BheW1lbnQgaV9jYW5fYXZzIGlfY2FuX2NhbmNlbF9kZWJpY2hlY2sgaV9jYW5fdHJhbl9oaXN0IGlfY2FuX2NyZWF0ZV9kZWJpY2hlY2tfY29sbGVjdGlvbiBpX2Nhbl9meHBheW1lbnQgaV9jYW5fcGF5bWVudHMgaV9jYW4gaV9jYW5fYW1lbmRfZGViaWNoZWNrIGlfY2FuX3BheXNoYXAgaV9jYW5fY2FsbF9zdGF0ZW1lbnRfc2VydmljZSBpX2Nhbl9pbml0aWF0ZV9kZWJpY2hlY2sgaV9jYW5fY3JlYXRlX25vdGlmaWNhdGlvbl9zZXJ2aWNlIGlfY2FuX2NvbGxlY3Rpb25zIiwiY2xpZW50SWQiOiJFODRPT0UiLCJjbGllbnRIb3N0IjoiMTY4LjIxMC4yMDAuMzYiLCJjbGllbnRBZGRyZXNzIjoiMTY4LjIxMC4yMDAuMzYifQ.OQl9ISJVH8iRIOsr5CzP_XHS1JExiyKRJhquIlJzOGtgLkBYWVxWMg1nbEhVX8LORuMFIUo5hvBBS5yEvCI98G1YI6pKRgy1RqVv31_tQ2btLEDVK3QNScmq2HM5QB64-JW3MFAoBQDnrFBVoLaTa2iDAi0Mp5uxrQxjRG0d6hyiGLTmrYLrmVYbcjvQbZP5eq5BHe7MIa2P5mcjDXZh7w52gqOzTUT19Z-ptoLvG0VcMrDHjTpXNUjKvJrqUsb_1tSJ0A3WuRpBhMwZj5jiaR3hILzsSv4BCqFiNJusg26Djd-9D20x1OZAOInFhP332yUvpdFDgHSejm6sRdzoLg",
    "expires_at": "2026-07-12T08:40:43.557Z",
    "created_at": "2026-07-12T08:34:43.557Z"
  }
},
{
  "model": "fnb_integration.fnbaccesstoken",
  "pk": 16,
  "fields": {
    "token": "eyJhbGciOiJSUzI1NiIsInR5cCIgOiAiSldUIiwia2lkIiA6ICJ3YW9OUWNoR19HUFNLNHRkam45TmxWQl8xbC1TdkwxbVpkelFtck9QaG8wIn0.eyJleHAiOjE3ODM4NDYwNzUsImlhdCI6MTc4Mzg0NTcxNSwianRpIjoiNzdlMDg0YzQtZjA3OC00ZmE1LWEwOTYtODYxZDU4ZDZhZDcxIiwiaXNzIjoiaHR0cHM6Ly9hcGkucC5mbmIuY28uemEvcmVhbG1zL3NlcnZpY2UiLCJzdWIiOiJjOGJlMTcwOS0xOTRhLTQxYTktYmM1ZS1iMWFjNWU5MWE3MjUiLCJ0eXAiOiJCZWFyZXIiLCJhenAiOiJFODRPT0UiLCJzY29wZSI6ImlfY2FuX2NvbnNvbGlkYXRlX3BheW1lbnQgaV9jYW5fYXZzIGlfY2FuX2NhbmNlbF9kZWJpY2hlY2sgaV9jYW5fdHJhbl9oaXN0IGlfY2FuX2NyZWF0ZV9kZWJpY2hlY2tfY29sbGVjdGlvbiBpX2Nhbl9meHBheW1lbnQgaV9jYW5fcGF5bWVudHMgaV9jYW4gaV9jYW5fYW1lbmRfZGViaWNoZWNrIGlfY2FuX3BheXNoYXAgaV9jYW5fY2FsbF9zdGF0ZW1lbnRfc2VydmljZSBpX2Nhbl9pbml0aWF0ZV9kZWJpY2hlY2sgaV9jYW5fY3JlYXRlX25vdGlmaWNhdGlvbl9zZXJ2aWNlIGlfY2FuX2NvbGxlY3Rpb25zIiwiY2xpZW50SWQiOiJFODRPT0UiLCJjbGllbnRIb3N0IjoiMTY4LjIxMC4yMDAuMzYiLCJjbGllbnRBZGRyZXNzIjoiMTY4LjIxMC4yMDAuMzYifQ.K3-ROQ9TxW4eSDFTp27Ab6q-7ZIXy15---nrzax9W61GIqJS02trAogNW_mQEaWsFcvQ9mhAbO0XVEyagZgb2RRniJGLQorAMMdmpRzwb8Fr1Jzj0_gYwQ6XqD8u7T2ruVGbwV_GdfSsdmZvm6g7bKYc9z31uAcEvgJhSfw67-2QUhhGdr_G0cQFbtXZntlla2pIie6Pzb3j7SEC-v83Cevr4sjUk7PIY_OyTbLLTg_KKg5vJmi_1copAA_16FHkEeR-WzhCXwAQByWmPZ57t2cMfQ3n11c8qBfE-khc87kU5SpAYTrMwgK54UPGEdhunc2yq_T3g4hWBsD58safvQ",
    "expires_at": "2026-07-12T08:47:56.031Z",
    "created_at": "2026-07-12T08:41:56.031Z"
  }
},
{
  "model": "fnb_integration.fnbaccesstoken",
  "pk": 17,
  "fields": {
    "token": "eyJhbGciOiJSUzI1NiIsInR5cCIgOiAiSldUIiwia2lkIiA6ICJ3YW9OUWNoR19HUFNLNHRkam45TmxWQl8xbC1TdkwxbVpkelFtck9QaG8wIn0.eyJleHAiOjE3ODM4OTc1MjgsImlhdCI6MTc4Mzg5NzE2OCwianRpIjoiZDRhNDdlZTktMDdjMi00ZjFjLWE0YjYtNjllYjg4ZDIwYjg4IiwiaXNzIjoiaHR0cHM6Ly9hcGkucC5mbmIuY28uemEvcmVhbG1zL3NlcnZpY2UiLCJzdWIiOiJjOGJlMTcwOS0xOTRhLTQxYTktYmM1ZS1iMWFjNWU5MWE3MjUiLCJ0eXAiOiJCZWFyZXIiLCJhenAiOiJFODRPT0UiLCJzY29wZSI6ImlfY2FuX2NvbnNvbGlkYXRlX3BheW1lbnQgaV9jYW5fYXZzIGlfY2FuX2NhbmNlbF9kZWJpY2hlY2sgaV9jYW5fdHJhbl9oaXN0IGlfY2FuX2NyZWF0ZV9kZWJpY2hlY2tfY29sbGVjdGlvbiBpX2Nhbl9meHBheW1lbnQgaV9jYW5fcGF5bWVudHMgaV9jYW4gaV9jYW5fYW1lbmRfZGViaWNoZWNrIGlfY2FuX3BheXNoYXAgaV9jYW5fY2FsbF9zdGF0ZW1lbnRfc2VydmljZSBpX2Nhbl9pbml0aWF0ZV9kZWJpY2hlY2sgaV9jYW5fY3JlYXRlX25vdGlmaWNhdGlvbl9zZXJ2aWNlIGlfY2FuX2NvbGxlY3Rpb25zIiwiY2xpZW50SWQiOiJFODRPT0UiLCJjbGllbnRIb3N0IjoiMTY4LjIxMC4yMDAuMzYiLCJjbGllbnRBZGRyZXNzIjoiMTY4LjIxMC4yMDAuMzYifQ.cvOFtV372Wh1Jdip8ZUIkEfc1_-F3pWnRF88t5Zvi2fCjNBXVB8yA_4irwkcB0XMx3aJffYb-5VDjNzp7yihdur8kYZKmTRRsWljq8bzP6g1LRGQnnRucZFqp88w3HHnuvG4N8Pb3VSLteJZkt_9PzzArgK7dvZlzS5ZwEr2XnI0qncDDtNcUy1jFuyJ95ZVG5VIoX9px5XfsW3ZxcCLvr51JBVeeHkEWpRJqc3jBd0GRr1ljE1tSn49ggqPHVHmlt-iLxs045_OmC3O7o9LoZbi9J1W6oytPrhr3DfHrbzeOEWmfOHl_LLc0m34R2-O7o3j7v3ZWJLmWT1LdXxtCw",
    "expires_at": "2026-07-12T23:05:28.635Z",
    "created_at": "2026-07-12T22:59:28.636Z"
  }
},
{
  "model": "fnb_integration.fnbaccesstoken",
  "pk": 18,
  "fields": {
    "token": "eyJhbGciOiJSUzI1NiIsInR5cCIgOiAiSldUIiwia2lkIiA6ICJ3YW9OUWNoR19HUFNLNHRkam45TmxWQl8xbC1TdkwxbVpkelFtck9QaG8wIn0.eyJleHAiOjE3ODM5NTQyNDksImlhdCI6MTc4Mzk1Mzg4OSwianRpIjoiMGY2Y2I5M2ItNTk1Mi00YmJiLTk1MzktYzg2MjBmZTJjZWFiIiwiaXNzIjoiaHR0cHM6Ly9hcGkucC5mbmIuY28uemEvcmVhbG1zL3NlcnZpY2UiLCJzdWIiOiJjOGJlMTcwOS0xOTRhLTQxYTktYmM1ZS1iMWFjNWU5MWE3MjUiLCJ0eXAiOiJCZWFyZXIiLCJhenAiOiJFODRPT0UiLCJzY29wZSI6ImlfY2FuX2NvbnNvbGlkYXRlX3BheW1lbnQgaV9jYW5fYXZzIGlfY2FuX2NhbmNlbF9kZWJpY2hlY2sgaV9jYW5fdHJhbl9oaXN0IGlfY2FuX2NyZWF0ZV9kZWJpY2hlY2tfY29sbGVjdGlvbiBpX2Nhbl9meHBheW1lbnQgaV9jYW5fcGF5bWVudHMgaV9jYW4gaV9jYW5fYW1lbmRfZGViaWNoZWNrIGlfY2FuX3BheXNoYXAgaV9jYW5fY2FsbF9zdGF0ZW1lbnRfc2VydmljZSBpX2Nhbl9pbml0aWF0ZV9kZWJpY2hlY2sgaV9jYW5fY3JlYXRlX25vdGlmaWNhdGlvbl9zZXJ2aWNlIGlfY2FuX2NvbGxlY3Rpb25zIiwiY2xpZW50SWQiOiJFODRPT0UiLCJjbGllbnRIb3N0IjoiMTY4LjIxMC4yMDAuMzYiLCJjbGllbnRBZGRyZXNzIjoiMTY4LjIxMC4yMDAuMzYifQ.JIY2iRWlBr3i6Am3hnL6FqWmn5raazdv72Pu-uC7NHABJG_AqwwQThZMZ2yisubEm_izyp2y1kaAk5a8CBx8DOQA8ezCXWrYkpELDZ4-2u4jqEhT_j0IAPWoQ4qTbfYpUeUsBWEuznsYOD0mj0GzQ-hGQBCPTCPA-nf6QwZYBmyNDJ-Ck-DaHzvGAW6fM-hXDjmeFLPzueGNM653pqVahJINcOlzMZihBsa0tQA9Y8hWD0QMRuJ-MQsILoicPK9wRnNxhW_S-ruRq6MKw0fU_jsYsygtT72r0g2Svzj9e8SfDH4m0KtZyQfoT4Tpa-lN5iySEObkE15sEp6R6PXk3A",
    "expires_at": "2026-07-13T14:50:49.579Z",
    "created_at": "2026-07-13T14:44:49.579Z"
  }
},
{
  "model": "fnb_integration.fnbaccount",
  "pk": 1,
  "fields": {
    "account_number": "63001731248",
    "branch_code": "250655",
    "bic": "FIRNZAJJ",
    "account_type": "debtor",
    "account_holder": "Al Ansaar Foundation",
    "description": "Al Ansaar Main Business Account",
    "is_active": true,
    "created_at": "2026-07-12T02:16:59.921Z"
  }
},
{
  "model": "fnb_integration.fnbaccount",
  "pk": 2,
  "fields": {
    "account_number": "63001723469",
    "branch_code": "250655",
    "bic": "FIRNZAJJ",
    "account_type": "debtor",
    "account_holder": "Al Ansaar Foundation",
    "description": "Al Ansaar Secondary Account",
    "is_active": true,
    "created_at": "2026-07-12T02:16:59.928Z"
  }
},
{
  "model": "fnb_integration.fnbaccount",
  "pk": 3,
  "fields": {
    "account_number": "63001730117",
    "branch_code": "250655",
    "bic": "FIRNZAJJ",
    "account_type": "creditor",
    "account_holder": "Beneficiary One",
    "description": "Test Beneficiary 1",
    "is_active": true,
    "created_at": "2026-07-12T02:16:59.936Z"
  }
},
{
  "model": "fnb_integration.fnbaccount",
  "pk": 4,
  "fields": {
    "account_number": "63001731222",
    "branch_code": "250655",
    "bic": "FIRNZAJJ",
    "account_type": "creditor",
    "account_holder": "Beneficiary Two",
    "description": "Test Beneficiary 2",
    "is_active": true,
    "created_at": "2026-07-12T02:16:59.943Z"
  }
},
{
  "model": "fnb_integration.fnbtransaction",
  "pk": 1,
  "fields": {
    "account": 2,
    "transaction_id": "",
    "transaction_date": "2026-05-15T22:00:00Z",
    "description": "TSHEPO TEST(PTY)",
    "reference": "PMT_FRM_MAHINDRASA",
    "debit_amount": "0.00",
    "credit_amount": "11500.00",
    "balance": null,
    "transaction_type": "Credit",
    "mapped_to": null,
    "raw_data": null,
    "imported_at": "2026-07-12T07:33:36.745Z"
  }
},
{
  "model": "fnb_integration.fnbtransaction",
  "pk": 2,
  "fields": {
    "account": 2,
    "transaction_id": "",
    "transaction_date": "2026-05-19T22:00:00Z",
    "description": "TSHEPO TEST(PTY)",
    "reference": "122311",
    "debit_amount": "0.00",
    "credit_amount": "377.50",
    "balance": null,
    "transaction_type": "Credit",
    "mapped_to": null,
    "raw_data": null,
    "imported_at": "2026-07-12T07:33:36.755Z"
  }
},
{
  "model": "fnb_integration.fnbtransaction",
  "pk": 3,
  "fields": {
    "account": 2,
    "transaction_id": "",
    "transaction_date": "2026-05-25T22:00:00Z",
    "description": "TSHEPO TEST(PTY)",
    "reference": "DDDACB1E10EF181F2309",
    "debit_amount": "20824.00",
    "credit_amount": "0.00",
    "balance": null,
    "transaction_type": "Debit",
    "mapped_to": null,
    "raw_data": null,
    "imported_at": "2026-07-12T07:33:36.763Z"
  }
},
{
  "model": "fnb_integration.fnbtransaction",
  "pk": 4,
  "fields": {
    "account": 2,
    "transaction_id": "",
    "transaction_date": "2026-05-25T22:00:00Z",
    "description": "TSHEPO TEST(PTY)",
    "reference": "5A6DB3D2246218720D26",
    "debit_amount": "11126.51",
    "credit_amount": "0.00",
    "balance": null,
    "transaction_type": "Debit",
    "mapped_to": null,
    "raw_data": null,
    "imported_at": "2026-07-12T07:33:36.768Z"
  }
},
{
  "model": "fnb_integration.fnbtransaction",
  "pk": 5,
  "fields": {
    "account": 2,
    "transaction_id": "",
    "transaction_date": "2026-05-29T22:00:00Z",
    "description": "TSHEPO TEST(PTY)",
    "reference": "",
    "debit_amount": "0.00",
    "credit_amount": "263253.59",
    "balance": null,
    "transaction_type": "Credit",
    "mapped_to": null,
    "raw_data": null,
    "imported_at": "2026-07-12T07:33:36.777Z"
  }
},
{
  "model": "fnb_integration.fnbtransaction",
  "pk": 6,
  "fields": {
    "account": 2,
    "transaction_id": "",
    "transaction_date": "2026-06-18T22:00:00Z",
    "description": "TSHEPO TEST(PTY)",
    "reference": "PMT_FRM_MAHINDRASA",
    "debit_amount": "0.00",
    "credit_amount": "369430.14",
    "balance": null,
    "transaction_type": "Credit",
    "mapped_to": null,
    "raw_data": null,
    "imported_at": "2026-07-12T07:33:36.785Z"
  }
},
{
  "model": "fnb_integration.fnbtransaction",
  "pk": 7,
  "fields": {
    "account": 2,
    "transaction_id": "",
    "transaction_date": "2026-06-18T22:00:00Z",
    "description": "TSHEPO TEST(PTY)",
    "reference": "DO00000000015",
    "debit_amount": "0.00",
    "credit_amount": "23.31",
    "balance": null,
    "transaction_type": "Credit",
    "mapped_to": null,
    "raw_data": null,
    "imported_at": "2026-07-12T07:33:36.791Z"
  }
},
{
  "model": "fnb_integration.fnbtransaction",
  "pk": 8,
  "fields": {
    "account": 2,
    "transaction_id": "",
    "transaction_date": "2026-06-29T22:00:00Z",
    "description": "TSHEPO TEST(PTY)",
    "reference": "PAYSHAP PAYMENT  KAZANG",
    "debit_amount": "0.00",
    "credit_amount": "14000.00",
    "balance": null,
    "transaction_type": "Credit",
    "mapped_to": null,
    "raw_data": null,
    "imported_at": "2026-07-12T07:33:36.798Z"
  }
},
{
  "model": "fnb_integration.fnbtransaction",
  "pk": 9,
  "fields": {
    "account": 2,
    "transaction_id": "",
    "transaction_date": "2026-06-29T22:00:00Z",
    "description": "TSHEPO TEST(PTY)",
    "reference": "",
    "debit_amount": "0.00",
    "credit_amount": "273010.19",
    "balance": null,
    "transaction_type": "Credit",
    "mapped_to": null,
    "raw_data": null,
    "imported_at": "2026-07-12T07:33:36.805Z"
  }
},
{
  "model": "fnb_integration.fnbtransaction",
  "pk": 10,
  "fields": {
    "account": 2,
    "transaction_id": "",
    "transaction_date": "2026-07-06T22:00:00Z",
    "description": "TSHEPO TEST(PTY)",
    "reference": "BBB435A77468D2329A51",
    "debit_amount": "34770.73",
    "credit_amount": "0.00",
    "balance": null,
    "transaction_type": "Debit",
    "mapped_to": null,
    "raw_data": null,
    "imported_at": "2026-07-12T07:33:36.811Z"
  }
},
{
  "model": "fnb_integration.fnbtransaction",
  "pk": 11,
  "fields": {
    "account": 2,
    "transaction_id": "",
    "transaction_date": "2026-07-06T22:00:00Z",
    "description": "TSHEPO TEST(PTY)",
    "reference": "04E6E547BA97D23E445D",
    "debit_amount": "4701.72",
    "credit_amount": "0.00",
    "balance": null,
    "transaction_type": "Debit",
    "mapped_to": null,
    "raw_data": null,
    "imported_at": "2026-07-12T07:33:36.819Z"
  }
},
{
  "model": "fnb_integration.fnbtransaction",
  "pk": 12,
  "fields": {
    "account": 2,
    "transaction_id": "",
    "transaction_date": "2026-07-06T22:00:00Z",
    "description": "TSHEPO TEST(PTY)",
    "reference": "7F298E3BDA214ED5BDC1",
    "debit_amount": "6428.77",
    "credit_amount": "0.00",
    "balance": null,
    "transaction_type": "Debit",
    "mapped_to": null,
    "raw_data": null,
    "imported_at": "2026-07-12T07:33:36.826Z"
  }
},
{
  "model": "fnb_integration.fnbtransaction",
  "pk": 13,
  "fields": {
    "account": 2,
    "transaction_id": "",
    "transaction_date": "2026-07-06T22:00:00Z",
    "description": "TSHEPO TEST(PTY)",
    "reference": "5D687DE399B30BD1142A",
    "debit_amount": "15525.00",
    "credit_amount": "0.00",
    "balance": null,
    "transaction_type": "Debit",
    "mapped_to": null,
    "raw_data": null,
    "imported_at": "2026-07-12T07:33:36.834Z"
  }
},
{
  "model": "fnb_integration.fnbtransaction",
  "pk": 14,
  "fields": {
    "account": 2,
    "transaction_id": "",
    "transaction_date": "2026-07-06T22:00:00Z",
    "description": "TSHEPO TEST(PTY)",
    "reference": "DDDACB1E10EF181F2309",
    "debit_amount": "20824.00",
    "credit_amount": "0.00",
    "balance": null,
    "transaction_type": "Debit",
    "mapped_to": null,
    "raw_data": null,
    "imported_at": "2026-07-12T07:33:36.840Z"
  }
},
{
  "model": "fnb_integration.fnbtransaction",
  "pk": 15,
  "fields": {
    "account": 2,
    "transaction_id": "",
    "transaction_date": "2026-07-06T22:00:00Z",
    "description": "TSHEPO TEST(PTY)",
    "reference": "C8D931940517675A4234",
    "debit_amount": "13385.54",
    "credit_amount": "0.00",
    "balance": null,
    "transaction_type": "Debit",
    "mapped_to": null,
    "raw_data": null,
    "imported_at": "2026-07-12T07:33:36.846Z"
  }
},
{
  "model": "fnb_integration.fnbtransaction",
  "pk": 16,
  "fields": {
    "account": 2,
    "transaction_id": "",
    "transaction_date": "2026-07-06T22:00:00Z",
    "description": "TSHEPO TEST(PTY)",
    "reference": "B9798104C8465FE1F6F9",
    "debit_amount": "185.00",
    "credit_amount": "0.00",
    "balance": null,
    "transaction_type": "Debit",
    "mapped_to": null,
    "raw_data": null,
    "imported_at": "2026-07-12T07:33:36.852Z"
  }
},
{
  "model": "fnb_integration.fnbtransaction",
  "pk": 17,
  "fields": {
    "account": 2,
    "transaction_id": "",
    "transaction_date": "2026-07-06T22:00:00Z",
    "description": "TSHEPO TEST(PTY)",
    "reference": "A222A902A2193B4D9983",
    "debit_amount": "7404.23",
    "credit_amount": "0.00",
    "balance": null,
    "transaction_type": "Debit",
    "mapped_to": null,
    "raw_data": null,
    "imported_at": "2026-07-12T07:33:36.858Z"
  }
},
{
  "model": "fnb_integration.fnbtransaction",
  "pk": 18,
  "fields": {
    "account": 1,
    "transaction_id": "",
    "transaction_date": "2026-05-12T22:00:00Z",
    "description": "TSHEPO TEST(PTY)",
    "reference": "TESTPUBLICRECEPT",
    "debit_amount": "3665.00",
    "credit_amount": "0.00",
    "balance": null,
    "transaction_type": "Debit",
    "mapped_to": null,
    "raw_data": null,
    "imported_at": "2026-07-12T07:33:57.174Z"
  }
},
{
  "model": "fnb_integration.fnbtransaction",
  "pk": 19,
  "fields": {
    "account": 1,
    "transaction_id": "",
    "transaction_date": "2026-05-25T22:00:00Z",
    "description": "TSHEPO TEST(PTY)",
    "reference": "TESTPUBLICRECEPT",
    "debit_amount": "2665.00",
    "credit_amount": "0.00",
    "balance": null,
    "transaction_type": "Debit",
    "mapped_to": null,
    "raw_data": null,
    "imported_at": "2026-07-12T07:33:57.181Z"
  }
},
{
  "model": "fnb_integration.fnbtransaction",
  "pk": 20,
  "fields": {
    "account": 1,
    "transaction_id": "",
    "transaction_date": "2026-06-05T22:00:00Z",
    "description": "TSHEPO TEST(PTY)",
    "reference": "",
    "debit_amount": "0.00",
    "credit_amount": "48757.56",
    "balance": null,
    "transaction_type": "Credit",
    "mapped_to": null,
    "raw_data": null,
    "imported_at": "2026-07-12T07:33:57.190Z"
  }
},
{
  "model": "fnb_integration.fnbtransaction",
  "pk": 21,
  "fields": {
    "account": 1,
    "transaction_id": "",
    "transaction_date": "2026-07-05T22:00:00Z",
    "description": "TSHEPO TEST(PTY)",
    "reference": "",
    "debit_amount": "0.00",
    "credit_amount": "47664.58",
    "balance": null,
    "transaction_type": "Credit",
    "mapped_to": null,
    "raw_data": null,
    "imported_at": "2026-07-12T07:33:57.198Z"
  }
},
{
  "model": "fnb_integration.fnbtransaction",
  "pk": 22,
  "fields": {
    "account": 2,
    "transaction_id": "",
    "transaction_date": "2026-07-13T22:00:00Z",
    "description": "TSHEPO TEST(PTY)",
    "reference": "04E6E547BA97D23E445D",
    "debit_amount": "4701.72",
    "credit_amount": "0.00",
    "balance": null,
    "transaction_type": "Debit",
    "mapped_to": null,
    "raw_data": null,
    "imported_at": "2026-07-12T07:37:03.103Z"
  }
},
{
  "model": "fnb_integration.fnbtransaction",
  "pk": 23,
  "fields": {
    "account": 2,
    "transaction_id": "",
    "transaction_date": "2026-07-13T22:00:00Z",
    "description": "TSHEPO TEST(PTY)",
    "reference": "C8D931940517675A4234",
    "debit_amount": "13385.54",
    "credit_amount": "0.00",
    "balance": null,
    "transaction_type": "Debit",
    "mapped_to": null,
    "raw_data": null,
    "imported_at": "2026-07-12T07:37:03.116Z"
  }
},
{
  "model": "fnb_integration.fnbtransaction",
  "pk": 24,
  "fields": {
    "account": 2,
    "transaction_id": "",
    "transaction_date": "2026-07-13T22:00:00Z",
    "description": "TSHEPO TEST(PTY)",
    "reference": "5D2E77EFD96D4ED6C8BD",
    "debit_amount": "2230.58",
    "credit_amount": "0.00",
    "balance": null,
    "transaction_type": "Debit",
    "mapped_to": null,
    "raw_data": null,
    "imported_at": "2026-07-12T07:37:03.124Z"
  }
},
{
  "model": "fnb_integration.fnbtransaction",
  "pk": 25,
  "fields": {
    "account": 2,
    "transaction_id": "",
    "transaction_date": "2026-07-13T22:00:00Z",
    "description": "TSHEPO TEST(PTY)",
    "reference": "DDDACB1E10EF181F2309",
    "debit_amount": "20824.00",
    "credit_amount": "0.00",
    "balance": null,
    "transaction_type": "Debit",
    "mapped_to": null,
    "raw_data": null,
    "imported_at": "2026-07-12T07:37:03.130Z"
  }
},
{
  "model": "fnb_integration.fnbtransaction",
  "pk": 26,
  "fields": {
    "account": 2,
    "transaction_id": "",
    "transaction_date": "2026-07-13T22:00:00Z",
    "description": "TSHEPO TEST(PTY)",
    "reference": "787C423678AE6F7A1942",
    "debit_amount": "3576.64",
    "credit_amount": "0.00",
    "balance": null,
    "transaction_type": "Debit",
    "mapped_to": null,
    "raw_data": null,
    "imported_at": "2026-07-12T07:37:03.137Z"
  }
},
{
  "model": "fnb_integration.fnbtransaction",
  "pk": 27,
  "fields": {
    "account": 2,
    "transaction_id": "",
    "transaction_date": "2026-07-13T22:00:00Z",
    "description": "TSHEPO TEST(PTY)",
    "reference": "5D687DE399B30BD1142A",
    "debit_amount": "15525.00",
    "credit_amount": "0.00",
    "balance": null,
    "transaction_type": "Debit",
    "mapped_to": null,
    "raw_data": null,
    "imported_at": "2026-07-12T07:37:03.142Z"
  }
},
{
  "model": "fnb_integration.fnbtransaction",
  "pk": 28,
  "fields": {
    "account": 2,
    "transaction_id": "",
    "transaction_date": "2026-07-13T22:00:00Z",
    "description": "TSHEPO TEST(PTY)",
    "reference": "858E26B7390EEEF3736D",
    "debit_amount": "13735.11",
    "credit_amount": "0.00",
    "balance": null,
    "transaction_type": "Debit",
    "mapped_to": null,
    "raw_data": null,
    "imported_at": "2026-07-12T07:37:03.148Z"
  }
},
{
  "model": "fnb_integration.fnbtransaction",
  "pk": 29,
  "fields": {
    "account": 2,
    "transaction_id": "",
    "transaction_date": "2026-07-15T22:00:00Z",
    "description": "TSHEPO TEST(PTY)",
    "reference": "C8D931940517675A4234",
    "debit_amount": "13385.54",
    "credit_amount": "0.00",
    "balance": null,
    "transaction_type": "Debit",
    "mapped_to": null,
    "raw_data": null,
    "imported_at": "2026-07-12T07:37:03.155Z"
  }
},
{
  "model": "fnb_integration.fnbtransaction",
  "pk": 30,
  "fields": {
    "account": 2,
    "transaction_id": "",
    "transaction_date": "2026-07-15T22:00:00Z",
    "description": "TSHEPO TEST(PTY)",
    "reference": "04E6E547BA97D23E445D",
    "debit_amount": "4701.72",
    "credit_amount": "0.00",
    "balance": null,
    "transaction_type": "Debit",
    "mapped_to": null,
    "raw_data": null,
    "imported_at": "2026-07-12T07:37:03.161Z"
  }
},
{
  "model": "fnb_integration.fnbtransaction",
  "pk": 31,
  "fields": {
    "account": 2,
    "transaction_id": "",
    "transaction_date": "2026-07-15T22:00:00Z",
    "description": "TSHEPO TEST(PTY)",
    "reference": "5D687DE399B30BD1142A",
    "debit_amount": "15525.00",
    "credit_amount": "0.00",
    "balance": null,
    "transaction_type": "Debit",
    "mapped_to": null,
    "raw_data": null,
    "imported_at": "2026-07-12T07:37:03.168Z"
  }
},
{
  "model": "fnb_integration.fnbtransaction",
  "pk": 32,
  "fields": {
    "account": 2,
    "transaction_id": "",
    "transaction_date": "2026-07-15T22:00:00Z",
    "description": "TSHEPO TEST(PTY)",
    "reference": "5D2E77EFD96D4ED6C8BD",
    "debit_amount": "2230.58",
    "credit_amount": "0.00",
    "balance": null,
    "transaction_type": "Debit",
    "mapped_to": null,
    "raw_data": null,
    "imported_at": "2026-07-12T07:37:03.174Z"
  }
},
{
  "model": "fnb_integration.fnbtransaction",
  "pk": 33,
  "fields": {
    "account": 2,
    "transaction_id": "",
    "transaction_date": "2026-07-15T22:00:00Z",
    "description": "TSHEPO TEST(PTY)",
    "reference": "DDDACB1E10EF181F2309",
    "debit_amount": "20824.00",
    "credit_amount": "0.00",
    "balance": null,
    "transaction_type": "Debit",
    "mapped_to": null,
    "raw_data": null,
    "imported_at": "2026-07-12T07:37:03.180Z"
  }
},
{
  "model": "fnb_integration.fnbtransaction",
  "pk": 34,
  "fields": {
    "account": 2,
    "transaction_id": "",
    "transaction_date": "2026-07-27T22:00:00Z",
    "description": "TSHEPO TEST(PTY)",
    "reference": "TEST",
    "debit_amount": "0.00",
    "credit_amount": "70.00",
    "balance": null,
    "transaction_type": "Credit",
    "mapped_to": null,
    "raw_data": null,
    "imported_at": "2026-07-12T07:37:03.186Z"
  }
},
{
  "model": "fnb_integration.fnbtransaction",
  "pk": 35,
  "fields": {
    "account": 2,
    "transaction_id": "",
    "transaction_date": "2026-07-27T22:00:00Z",
    "description": "TSHEPO TEST(PTY)",
    "reference": "TEST",
    "debit_amount": "0.00",
    "credit_amount": "25.00",
    "balance": null,
    "transaction_type": "Credit",
    "mapped_to": null,
    "raw_data": null,
    "imported_at": "2026-07-12T07:37:03.192Z"
  }
},
{
  "model": "fnb_integration.fnbtransaction",
  "pk": 36,
  "fields": {
    "account": 2,
    "transaction_id": "",
    "transaction_date": "2026-07-27T22:00:00Z",
    "description": "TSHEPO TEST(PTY)",
    "reference": "TEST",
    "debit_amount": "0.00",
    "credit_amount": "20.00",
    "balance": null,
    "transaction_type": "Credit",
    "mapped_to": null,
    "raw_data": null,
    "imported_at": "2026-07-12T07:37:03.197Z"
  }
},
{
  "model": "fnb_integration.fnbtransaction",
  "pk": 37,
  "fields": {
    "account": 2,
    "transaction_id": "",
    "transaction_date": "2026-07-27T22:00:00Z",
    "description": "TSHEPO TEST(PTY)",
    "reference": "113203",
    "debit_amount": "13796.99",
    "credit_amount": "0.00",
    "balance": null,
    "transaction_type": "Debit",
    "mapped_to": null,
    "raw_data": null,
    "imported_at": "2026-07-12T07:37:03.203Z"
  }
},
{
  "model": "fnb_integration.fnbtransaction",
  "pk": 38,
  "fields": {
    "account": 2,
    "transaction_id": "",
    "transaction_date": "2026-07-28T22:00:00Z",
    "description": "TSHEPO TEST(PTY)",
    "reference": "",
    "debit_amount": "123.45",
    "credit_amount": "0.00",
    "balance": null,
    "transaction_type": "Debit",
    "mapped_to": null,
    "raw_data": null,
    "imported_at": "2026-07-12T07:37:03.209Z"
  }
},
{
  "model": "fnb_integration.fnbtransaction",
  "pk": 39,
  "fields": {
    "account": 2,
    "transaction_id": "",
    "transaction_date": "2026-07-30T22:00:00Z",
    "description": "TSHEPO TEST(PTY)",
    "reference": "",
    "debit_amount": "0.00",
    "credit_amount": "292753.38",
    "balance": null,
    "transaction_type": "Credit",
    "mapped_to": null,
    "raw_data": null,
    "imported_at": "2026-07-12T07:37:03.216Z"
  }
},
{
  "model": "fnb_integration.fnbtransaction",
  "pk": 40,
  "fields": {
    "account": 2,
    "transaction_id": "",
    "transaction_date": "2026-05-15T22:00:00Z",
    "description": "FNB OB PMT VODSCGN7SNFC",
    "reference": "PMT_FRM_MAHINDRASA",
    "debit_amount": "0.00",
    "credit_amount": "11500.00",
    "balance": null,
    "transaction_type": "Credit",
    "mapped_to": null,
    "raw_data": null,
    "imported_at": "2026-07-12T07:53:11.873Z"
  }
},
{
  "model": "fnb_integration.fnbtransaction",
  "pk": 41,
  "fields": {
    "account": 2,
    "transaction_id": "",
    "transaction_date": "2026-05-15T22:00:00Z",
    "description": "FNB OB PMT VODSYS4BTNFC",
    "reference": "PMT_FRM_MAHINDRASA",
    "debit_amount": "0.00",
    "credit_amount": "11500.00",
    "balance": null,
    "transaction_type": "Credit",
    "mapped_to": null,
    "raw_data": null,
    "imported_at": "2026-07-12T07:53:11.886Z"
  }
},
{
  "model": "fnb_integration.fnbtransaction",
  "pk": 42,
  "fields": {
    "account": 2,
    "transaction_id": "",
    "transaction_date": "2026-05-19T22:00:00Z",
    "description": "REV FNB OB PMT VODS18HTTNFC",
    "reference": "122311",
    "debit_amount": "0.00",
    "credit_amount": "377.50",
    "balance": null,
    "transaction_type": "Credit",
    "mapped_to": null,
    "raw_data": null,
    "imported_at": "2026-07-12T07:53:11.892Z"
  }
},
{
  "model": "fnb_integration.fnbtransaction",
  "pk": 43,
  "fields": {
    "account": 2,
    "transaction_id": "",
    "transaction_date": "2026-05-25T22:00:00Z",
    "description": "FNB OB PMT VODS1Q341NFC",
    "reference": "DDDACB1E10EF181F2309",
    "debit_amount": "20824.00",
    "credit_amount": "0.00",
    "balance": null,
    "transaction_type": "Debit",
    "mapped_to": null,
    "raw_data": null,
    "imported_at": "2026-07-12T07:53:11.900Z"
  }
},
{
  "model": "fnb_integration.fnbtransaction",
  "pk": 44,
  "fields": {
    "account": 2,
    "transaction_id": "",
    "transaction_date": "2026-05-25T22:00:00Z",
    "description": "FNB OB PMT VODS6R341NFC",
    "reference": "5A6DB3D2246218720D26",
    "debit_amount": "11126.51",
    "credit_amount": "0.00",
    "balance": null,
    "transaction_type": "Debit",
    "mapped_to": null,
    "raw_data": null,
    "imported_at": "2026-07-12T07:53:11.907Z"
  }
},
{
  "model": "fnb_integration.fnbtransaction",
  "pk": 45,
  "fields": {
    "account": 2,
    "transaction_id": "",
    "transaction_date": "2026-05-29T22:00:00Z",
    "description": "63001723469 INT ON CREDIT BALANCE",
    "reference": "",
    "debit_amount": "0.00",
    "credit_amount": "263253.59",
    "balance": null,
    "transaction_type": "Credit",
    "mapped_to": null,
    "raw_data": null,
    "imported_at": "2026-07-12T07:53:11.914Z"
  }
},
{
  "model": "fnb_integration.fnbtransaction",
  "pk": 46,
  "fields": {
    "account": 2,
    "transaction_id": "",
    "transaction_date": "2026-06-18T22:00:00Z",
    "description": "FNB OB PMT VODSKZS55PFC",
    "reference": "PMT_FRM_MAHINDRASA",
    "debit_amount": "0.00",
    "credit_amount": "369430.14",
    "balance": null,
    "transaction_type": "Credit",
    "mapped_to": null,
    "raw_data": null,
    "imported_at": "2026-07-12T07:53:11.922Z"
  }
},
{
  "model": "fnb_integration.fnbtransaction",
  "pk": 47,
  "fields": {
    "account": 2,
    "transaction_id": "",
    "transaction_date": "2026-06-18T22:00:00Z",
    "description": "B2B COLLECTION CR",
    "reference": "DO00000000015",
    "debit_amount": "0.00",
    "credit_amount": "23.31",
    "balance": null,
    "transaction_type": "Credit",
    "mapped_to": null,
    "raw_data": null,
    "imported_at": "2026-07-12T07:53:11.930Z"
  }
},
{
  "model": "fnb_integration.fnbtransaction",
  "pk": 48,
  "fields": {
    "account": 2,
    "transaction_id": "",
    "transaction_date": "2026-06-29T22:00:00Z",
    "description": "PAYSHAP CREDIT",
    "reference": "PAYSHAP PAYMENT  KAZANG",
    "debit_amount": "0.00",
    "credit_amount": "14000.00",
    "balance": null,
    "transaction_type": "Credit",
    "mapped_to": null,
    "raw_data": null,
    "imported_at": "2026-07-12T07:53:11.939Z"
  }
},
{
  "model": "fnb_integration.fnbtransaction",
  "pk": 49,
  "fields": {
    "account": 2,
    "transaction_id": "",
    "transaction_date": "2026-06-29T22:00:00Z",
    "description": "63001723469 INT ON CREDIT BALANCE",
    "reference": "",
    "debit_amount": "0.00",
    "credit_amount": "273010.19",
    "balance": null,
    "transaction_type": "Credit",
    "mapped_to": null,
    "raw_data": null,
    "imported_at": "2026-07-12T07:53:11.949Z"
  }
},
{
  "model": "fnb_integration.fnbtransaction",
  "pk": 50,
  "fields": {
    "account": 2,
    "transaction_id": "",
    "transaction_date": "2026-07-06T22:00:00Z",
    "description": "FNB OB PMT VODSDJW8ZQFC",
    "reference": "BBB435A77468D2329A51",
    "debit_amount": "34770.73",
    "credit_amount": "0.00",
    "balance": null,
    "transaction_type": "Debit",
    "mapped_to": null,
    "raw_data": null,
    "imported_at": "2026-07-12T07:53:11.956Z"
  }
},
{
  "model": "fnb_integration.fnbtransaction",
  "pk": 51,
  "fields": {
    "account": 2,
    "transaction_id": "",
    "transaction_date": "2026-07-06T22:00:00Z",
    "description": "FNB OB PMT VODS92S9ZQFC",
    "reference": "04E6E547BA97D23E445D",
    "debit_amount": "4701.72",
    "credit_amount": "0.00",
    "balance": null,
    "transaction_type": "Debit",
    "mapped_to": null,
    "raw_data": null,
    "imported_at": "2026-07-12T07:53:11.964Z"
  }
},
{
  "model": "fnb_integration.fnbtransaction",
  "pk": 52,
  "fields": {
    "account": 2,
    "transaction_id": "",
    "transaction_date": "2026-07-06T22:00:00Z",
    "description": "FNB OB PMT VODSZ1VB1QFC",
    "reference": "7F298E3BDA214ED5BDC1",
    "debit_amount": "6428.77",
    "credit_amount": "0.00",
    "balance": null,
    "transaction_type": "Debit",
    "mapped_to": null,
    "raw_data": null,
    "imported_at": "2026-07-12T07:53:11.971Z"
  }
},
{
  "model": "fnb_integration.fnbtransaction",
  "pk": 53,
  "fields": {
    "account": 2,
    "transaction_id": "",
    "transaction_date": "2026-07-06T22:00:00Z",
    "description": "FNB OB PMT VODSXY3D1QFC",
    "reference": "5D687DE399B30BD1142A",
    "debit_amount": "15525.00",
    "credit_amount": "0.00",
    "balance": null,
    "transaction_type": "Debit",
    "mapped_to": null,
    "raw_data": null,
    "imported_at": "2026-07-12T07:53:11.977Z"
  }
},
{
  "model": "fnb_integration.fnbtransaction",
  "pk": 54,
  "fields": {
    "account": 2,
    "transaction_id": "",
    "transaction_date": "2026-07-06T22:00:00Z",
    "description": "FNB OB PMT VODSG5RG1QFC",
    "reference": "DDDACB1E10EF181F2309",
    "debit_amount": "20824.00",
    "credit_amount": "0.00",
    "balance": null,
    "transaction_type": "Debit",
    "mapped_to": null,
    "raw_data": null,
    "imported_at": "2026-07-12T07:53:11.984Z"
  }
},
{
  "model": "fnb_integration.fnbtransaction",
  "pk": 55,
  "fields": {
    "account": 2,
    "transaction_id": "",
    "transaction_date": "2026-07-06T22:00:00Z",
    "description": "FNB OB PMT VODSK12H1QFC",
    "reference": "C8D931940517675A4234",
    "debit_amount": "13385.54",
    "credit_amount": "0.00",
    "balance": null,
    "transaction_type": "Debit",
    "mapped_to": null,
    "raw_data": null,
    "imported_at": "2026-07-12T07:53:11.990Z"
  }
},
{
  "model": "fnb_integration.fnbtransaction",
  "pk": 56,
  "fields": {
    "account": 2,
    "transaction_id": "",
    "transaction_date": "2026-07-06T22:00:00Z",
    "description": "FNB OB PMT VODS81LK1QFC",
    "reference": "B9798104C8465FE1F6F9",
    "debit_amount": "185.00",
    "credit_amount": "0.00",
    "balance": null,
    "transaction_type": "Debit",
    "mapped_to": null,
    "raw_data": null,
    "imported_at": "2026-07-12T07:53:11.997Z"
  }
},
{
  "model": "fnb_integration.fnbtransaction",
  "pk": 57,
  "fields": {
    "account": 2,
    "transaction_id": "",
    "transaction_date": "2026-07-06T22:00:00Z",
    "description": "FNB OB PMT VODSMKML1QFC",
    "reference": "A222A902A2193B4D9983",
    "debit_amount": "7404.23",
    "credit_amount": "0.00",
    "balance": null,
    "transaction_type": "Debit",
    "mapped_to": null,
    "raw_data": null,
    "imported_at": "2026-07-12T07:53:12.003Z"
  }
},
{
  "model": "fnb_integration.fnbtransaction",
  "pk": 58,
  "fields": {
    "account": 1,
    "transaction_id": "",
    "transaction_date": "2026-05-12T22:00:00Z",
    "description": "FNB OB PMT VODSN4M1PNFC",
    "reference": "TESTPUBLICRECEPT",
    "debit_amount": "3665.00",
    "credit_amount": "0.00",
    "balance": null,
    "transaction_type": "Debit",
    "mapped_to": null,
    "raw_data": null,
    "imported_at": "2026-07-12T07:53:31.881Z"
  }
},
{
  "model": "fnb_integration.fnbtransaction",
  "pk": 59,
  "fields": {
    "account": 1,
    "transaction_id": "",
    "transaction_date": "2026-05-25T22:00:00Z",
    "description": "FNB OB PMT VODS638T1NFC",
    "reference": "TESTPUBLICRECEPT",
    "debit_amount": "2665.00",
    "credit_amount": "0.00",
    "balance": null,
    "transaction_type": "Debit",
    "mapped_to": null,
    "raw_data": null,
    "imported_at": "2026-07-12T07:53:31.891Z"
  }
},
{
  "model": "fnb_integration.fnbtransaction",
  "pk": 60,
  "fields": {
    "account": 1,
    "transaction_id": "",
    "transaction_date": "2026-05-25T22:00:00Z",
    "description": "FNB OB PMT VODSMRBY1NFC",
    "reference": "TESTPUBLICRECEPT",
    "debit_amount": "2665.00",
    "credit_amount": "0.00",
    "balance": null,
    "transaction_type": "Debit",
    "mapped_to": null,
    "raw_data": null,
    "imported_at": "2026-07-12T07:53:31.899Z"
  }
},
{
  "model": "fnb_integration.fnbtransaction",
  "pk": 61,
  "fields": {
    "account": 1,
    "transaction_id": "",
    "transaction_date": "2026-06-05T22:00:00Z",
    "description": "63001731248 INT ON CREDIT BALANCE",
    "reference": "",
    "debit_amount": "0.00",
    "credit_amount": "48757.56",
    "balance": null,
    "transaction_type": "Credit",
    "mapped_to": null,
    "raw_data": null,
    "imported_at": "2026-07-12T07:53:31.907Z"
  }
},
{
  "model": "fnb_integration.fnbtransaction",
  "pk": 62,
  "fields": {
    "account": 1,
    "transaction_id": "",
    "transaction_date": "2026-07-05T22:00:00Z",
    "description": "63001731248 INT ON CREDIT BALANCE",
    "reference": "",
    "debit_amount": "0.00",
    "credit_amount": "47664.58",
    "balance": null,
    "transaction_type": "Credit",
    "mapped_to": null,
    "raw_data": null,
    "imported_at": "2026-07-12T07:53:31.914Z"
  }
},
{
  "model": "fnb_integration.fnbtransaction",
  "pk": 63,
  "fields": {
    "account": 2,
    "transaction_id": "",
    "transaction_date": "2026-07-13T22:00:00Z",
    "description": "FNB OB PMT VODS56RT3QFC",
    "reference": "04E6E547BA97D23E445D",
    "debit_amount": "4701.72",
    "credit_amount": "0.00",
    "balance": null,
    "transaction_type": "Debit",
    "mapped_to": null,
    "raw_data": null,
    "imported_at": "2026-07-12T07:54:38.603Z"
  }
},
{
  "model": "fnb_integration.fnbtransaction",
  "pk": 64,
  "fields": {
    "account": 2,
    "transaction_id": "",
    "transaction_date": "2026-07-13T22:00:00Z",
    "description": "FNB OB PMT VODSG7FV3QFC",
    "reference": "C8D931940517675A4234",
    "debit_amount": "13385.54",
    "credit_amount": "0.00",
    "balance": null,
    "transaction_type": "Debit",
    "mapped_to": null,
    "raw_data": null,
    "imported_at": "2026-07-12T07:54:38.612Z"
  }
},
{
  "model": "fnb_integration.fnbtransaction",
  "pk": 65,
  "fields": {
    "account": 2,
    "transaction_id": "",
    "transaction_date": "2026-07-13T22:00:00Z",
    "description": "FNB OB PMT VODSTZ3V3QFC",
    "reference": "5D2E77EFD96D4ED6C8BD",
    "debit_amount": "2230.58",
    "credit_amount": "0.00",
    "balance": null,
    "transaction_type": "Debit",
    "mapped_to": null,
    "raw_data": null,
    "imported_at": "2026-07-12T07:54:38.621Z"
  }
},
{
  "model": "fnb_integration.fnbtransaction",
  "pk": 66,
  "fields": {
    "account": 2,
    "transaction_id": "",
    "transaction_date": "2026-07-13T22:00:00Z",
    "description": "FNB OB PMT VODSF27V3QFC",
    "reference": "DDDACB1E10EF181F2309",
    "debit_amount": "20824.00",
    "credit_amount": "0.00",
    "balance": null,
    "transaction_type": "Debit",
    "mapped_to": null,
    "raw_data": null,
    "imported_at": "2026-07-12T07:54:38.630Z"
  }
},
{
  "model": "fnb_integration.fnbtransaction",
  "pk": 67,
  "fields": {
    "account": 2,
    "transaction_id": "",
    "transaction_date": "2026-07-13T22:00:00Z",
    "description": "FNB OB PMT VODSH27V3QFC",
    "reference": "787C423678AE6F7A1942",
    "debit_amount": "3576.64",
    "credit_amount": "0.00",
    "balance": null,
    "transaction_type": "Debit",
    "mapped_to": null,
    "raw_data": null,
    "imported_at": "2026-07-12T07:54:38.639Z"
  }
},
{
  "model": "fnb_integration.fnbtransaction",
  "pk": 68,
  "fields": {
    "account": 2,
    "transaction_id": "",
    "transaction_date": "2026-07-13T22:00:00Z",
    "description": "FNB OB PMT VODSM47V3QFC",
    "reference": "5D687DE399B30BD1142A",
    "debit_amount": "15525.00",
    "credit_amount": "0.00",
    "balance": null,
    "transaction_type": "Debit",
    "mapped_to": null,
    "raw_data": null,
    "imported_at": "2026-07-12T07:54:38.648Z"
  }
},
{
  "model": "fnb_integration.fnbtransaction",
  "pk": 69,
  "fields": {
    "account": 2,
    "transaction_id": "",
    "transaction_date": "2026-07-13T22:00:00Z",
    "description": "FNB OB PMT VODS1SHZ3QFC",
    "reference": "858E26B7390EEEF3736D",
    "debit_amount": "13735.11",
    "credit_amount": "0.00",
    "balance": null,
    "transaction_type": "Debit",
    "mapped_to": null,
    "raw_data": null,
    "imported_at": "2026-07-12T07:54:38.657Z"
  }
},
{
  "model": "fnb_integration.fnbtransaction",
  "pk": 70,
  "fields": {
    "account": 2,
    "transaction_id": "",
    "transaction_date": "2026-07-15T22:00:00Z",
    "description": "FNB OB PMT VODSNY4D5QFC",
    "reference": "C8D931940517675A4234",
    "debit_amount": "13385.54",
    "credit_amount": "0.00",
    "balance": null,
    "transaction_type": "Debit",
    "mapped_to": null,
    "raw_data": null,
    "imported_at": "2026-07-12T07:54:38.664Z"
  }
},
{
  "model": "fnb_integration.fnbtransaction",
  "pk": 71,
  "fields": {
    "account": 2,
    "transaction_id": "",
    "transaction_date": "2026-07-15T22:00:00Z",
    "description": "FNB OB PMT VODS9Y4D5QFC",
    "reference": "04E6E547BA97D23E445D",
    "debit_amount": "4701.72",
    "credit_amount": "0.00",
    "balance": null,
    "transaction_type": "Debit",
    "mapped_to": null,
    "raw_data": null,
    "imported_at": "2026-07-12T07:54:38.674Z"
  }
},
{
  "model": "fnb_integration.fnbtransaction",
  "pk": 72,
  "fields": {
    "account": 2,
    "transaction_id": "",
    "transaction_date": "2026-07-15T22:00:00Z",
    "description": "FNB OB PMT VODSQK5D5QFC",
    "reference": "5D687DE399B30BD1142A",
    "debit_amount": "15525.00",
    "credit_amount": "0.00",
    "balance": null,
    "transaction_type": "Debit",
    "mapped_to": null,
    "raw_data": null,
    "imported_at": "2026-07-12T07:54:38.682Z"
  }
},
{
  "model": "fnb_integration.fnbtransaction",
  "pk": 73,
  "fields": {
    "account": 2,
    "transaction_id": "",
    "transaction_date": "2026-07-15T22:00:00Z",
    "description": "FNB OB PMT VODSGN5D5QFC",
    "reference": "5D2E77EFD96D4ED6C8BD",
    "debit_amount": "2230.58",
    "credit_amount": "0.00",
    "balance": null,
    "transaction_type": "Debit",
    "mapped_to": null,
    "raw_data": null,
    "imported_at": "2026-07-12T07:54:38.690Z"
  }
},
{
  "model": "fnb_integration.fnbtransaction",
  "pk": 74,
  "fields": {
    "account": 2,
    "transaction_id": "",
    "transaction_date": "2026-07-15T22:00:00Z",
    "description": "FNB OB PMT VODSKP5D5QFC",
    "reference": "DDDACB1E10EF181F2309",
    "debit_amount": "20824.00",
    "credit_amount": "0.00",
    "balance": null,
    "transaction_type": "Debit",
    "mapped_to": null,
    "raw_data": null,
    "imported_at": "2026-07-12T07:54:38.699Z"
  }
},
{
  "model": "fnb_integration.fnbtransaction",
  "pk": 75,
  "fields": {
    "account": 2,
    "transaction_id": "",
    "transaction_date": "2026-07-27T22:00:00Z",
    "description": "FNB APP TRANSFER FROM",
    "reference": "TEST",
    "debit_amount": "0.00",
    "credit_amount": "70.00",
    "balance": null,
    "transaction_type": "Credit",
    "mapped_to": null,
    "raw_data": null,
    "imported_at": "2026-07-12T07:54:38.711Z"
  }
},
{
  "model": "fnb_integration.fnbtransaction",
  "pk": 76,
  "fields": {
    "account": 2,
    "transaction_id": "",
    "transaction_date": "2026-07-27T22:00:00Z",
    "description": "FNB APP TRANSFER FROM",
    "reference": "TEST",
    "debit_amount": "0.00",
    "credit_amount": "25.00",
    "balance": null,
    "transaction_type": "Credit",
    "mapped_to": null,
    "raw_data": null,
    "imported_at": "2026-07-12T07:54:38.720Z"
  }
},
{
  "model": "fnb_integration.fnbtransaction",
  "pk": 77,
  "fields": {
    "account": 2,
    "transaction_id": "",
    "transaction_date": "2026-07-27T22:00:00Z",
    "description": "FNB APP TRANSFER FROM",
    "reference": "TEST",
    "debit_amount": "0.00",
    "credit_amount": "20.00",
    "balance": null,
    "transaction_type": "Credit",
    "mapped_to": null,
    "raw_data": null,
    "imported_at": "2026-07-12T07:54:38.728Z"
  }
},
{
  "model": "fnb_integration.fnbtransaction",
  "pk": 78,
  "fields": {
    "account": 2,
    "transaction_id": "",
    "transaction_date": "2026-07-27T22:00:00Z",
    "description": "FNB OB PMT VODSM94GGRFC",
    "reference": "113203",
    "debit_amount": "13796.99",
    "credit_amount": "0.00",
    "balance": null,
    "transaction_type": "Debit",
    "mapped_to": null,
    "raw_data": null,
    "imported_at": "2026-07-12T07:54:38.737Z"
  }
},
{
  "model": "fnb_integration.fnbtransaction",
  "pk": 79,
  "fields": {
    "account": 2,
    "transaction_id": "",
    "transaction_date": "2026-07-28T22:00:00Z",
    "description": "SMART-AP PAYMENT TO TESTING SMART-AP PAYMENT TO",
    "reference": "",
    "debit_amount": "123.45",
    "credit_amount": "0.00",
    "balance": null,
    "transaction_type": "Debit",
    "mapped_to": "EXP #3 (RFP-2026-0001 - Cleaning Servi)",
    "raw_data": null,
    "imported_at": "2026-07-12T07:54:38.743Z"
  }
},
{
  "model": "fnb_integration.fnbtransaction",
  "pk": 80,
  "fields": {
    "account": 2,
    "transaction_id": "",
    "transaction_date": "2026-07-30T22:00:00Z",
    "description": "63001723469 INT ON CREDIT BALANCE",
    "reference": "",
    "debit_amount": "0.00",
    "credit_amount": "292753.38",
    "balance": null,
    "transaction_type": "Credit",
    "mapped_to": null,
    "raw_data": null,
    "imported_at": "2026-07-12T07:54:38.750Z"
  }
},
{
  "model": "auth.permission",
  "fields": {
    "name": "Can add log entry",
    "content_type": [
      "admin",
      "logentry"
    ],
    "codename": "add_logentry"
  }
},
{
  "model": "auth.permission",
  "fields": {
    "name": "Can change log entry",
    "content_type": [
      "admin",
      "logentry"
    ],
    "codename": "change_logentry"
  }
},
{
  "model": "auth.permission",
  "fields": {
    "name": "Can delete log entry",
    "content_type": [
      "admin",
      "logentry"
    ],
    "codename": "delete_logentry"
  }
},
{
  "model": "auth.permission",
  "fields": {
    "name": "Can view log entry",
    "content_type": [
      "admin",
      "logentry"
    ],
    "codename": "view_logentry"
  }
},
{
  "model": "auth.permission",
  "fields": {
    "name": "Can add permission",
    "content_type": [
      "auth",
      "permission"
    ],
    "codename": "add_permission"
  }
},
{
  "model": "auth.permission",
  "fields": {
    "name": "Can change permission",
    "content_type": [
      "auth",
      "permission"
    ],
    "codename": "change_permission"
  }
},
{
  "model": "auth.permission",
  "fields": {
    "name": "Can delete permission",
    "content_type": [
      "auth",
      "permission"
    ],
    "codename": "delete_permission"
  }
},
{
  "model": "auth.permission",
  "fields": {
    "name": "Can view permission",
    "content_type": [
      "auth",
      "permission"
    ],
    "codename": "view_permission"
  }
},
{
  "model": "auth.permission",
  "fields": {
    "name": "Can add group",
    "content_type": [
      "auth",
      "group"
    ],
    "codename": "add_group"
  }
},
{
  "model": "auth.permission",
  "fields": {
    "name": "Can change group",
    "content_type": [
      "auth",
      "group"
    ],
    "codename": "change_group"
  }
},
{
  "model": "auth.permission",
  "fields": {
    "name": "Can delete group",
    "content_type": [
      "auth",
      "group"
    ],
    "codename": "delete_group"
  }
},
{
  "model": "auth.permission",
  "fields": {
    "name": "Can view group",
    "content_type": [
      "auth",
      "group"
    ],
    "codename": "view_group"
  }
},
{
  "model": "auth.permission",
  "fields": {
    "name": "Can add content type",
    "content_type": [
      "contenttypes",
      "contenttype"
    ],
    "codename": "add_contenttype"
  }
},
{
  "model": "auth.permission",
  "fields": {
    "name": "Can change content type",
    "content_type": [
      "contenttypes",
      "contenttype"
    ],
    "codename": "change_contenttype"
  }
},
{
  "model": "auth.permission",
  "fields": {
    "name": "Can delete content type",
    "content_type": [
      "contenttypes",
      "contenttype"
    ],
    "codename": "delete_contenttype"
  }
},
{
  "model": "auth.permission",
  "fields": {
    "name": "Can view content type",
    "content_type": [
      "contenttypes",
      "contenttype"
    ],
    "codename": "view_contenttype"
  }
},
{
  "model": "auth.permission",
  "fields": {
    "name": "Can add session",
    "content_type": [
      "sessions",
      "session"
    ],
    "codename": "add_session"
  }
},
{
  "model": "auth.permission",
  "fields": {
    "name": "Can change session",
    "content_type": [
      "sessions",
      "session"
    ],
    "codename": "change_session"
  }
},
{
  "model": "auth.permission",
  "fields": {
    "name": "Can delete session",
    "content_type": [
      "sessions",
      "session"
    ],
    "codename": "delete_session"
  }
},
{
  "model": "auth.permission",
  "fields": {
    "name": "Can view session",
    "content_type": [
      "sessions",
      "session"
    ],
    "codename": "view_session"
  }
},
{
  "model": "auth.permission",
  "fields": {
    "name": "Can add site",
    "content_type": [
      "sites",
      "site"
    ],
    "codename": "add_site"
  }
},
{
  "model": "auth.permission",
  "fields": {
    "name": "Can change site",
    "content_type": [
      "sites",
      "site"
    ],
    "codename": "change_site"
  }
},
{
  "model": "auth.permission",
  "fields": {
    "name": "Can delete site",
    "content_type": [
      "sites",
      "site"
    ],
    "codename": "delete_site"
  }
},
{
  "model": "auth.permission",
  "fields": {
    "name": "Can view site",
    "content_type": [
      "sites",
      "site"
    ],
    "codename": "view_site"
  }
},
{
  "model": "auth.permission",
  "fields": {
    "name": "Can add Token",
    "content_type": [
      "authtoken",
      "token"
    ],
    "codename": "add_token"
  }
},
{
  "model": "auth.permission",
  "fields": {
    "name": "Can change Token",
    "content_type": [
      "authtoken",
      "token"
    ],
    "codename": "change_token"
  }
},
{
  "model": "auth.permission",
  "fields": {
    "name": "Can delete Token",
    "content_type": [
      "authtoken",
      "token"
    ],
    "codename": "delete_token"
  }
},
{
  "model": "auth.permission",
  "fields": {
    "name": "Can view Token",
    "content_type": [
      "authtoken",
      "token"
    ],
    "codename": "view_token"
  }
},
{
  "model": "auth.permission",
  "fields": {
    "name": "Can add token",
    "content_type": [
      "authtoken",
      "tokenproxy"
    ],
    "codename": "add_tokenproxy"
  }
},
{
  "model": "auth.permission",
  "fields": {
    "name": "Can change token",
    "content_type": [
      "authtoken",
      "tokenproxy"
    ],
    "codename": "change_tokenproxy"
  }
},
{
  "model": "auth.permission",
  "fields": {
    "name": "Can delete token",
    "content_type": [
      "authtoken",
      "tokenproxy"
    ],
    "codename": "delete_tokenproxy"
  }
},
{
  "model": "auth.permission",
  "fields": {
    "name": "Can view token",
    "content_type": [
      "authtoken",
      "tokenproxy"
    ],
    "codename": "view_tokenproxy"
  }
},
{
  "model": "auth.permission",
  "fields": {
    "name": "Can add User",
    "content_type": [
      "accounts",
      "user"
    ],
    "codename": "add_user"
  }
},
{
  "model": "auth.permission",
  "fields": {
    "name": "Can change User",
    "content_type": [
      "accounts",
      "user"
    ],
    "codename": "change_user"
  }
},
{
  "model": "auth.permission",
  "fields": {
    "name": "Can delete User",
    "content_type": [
      "accounts",
      "user"
    ],
    "codename": "delete_user"
  }
},
{
  "model": "auth.permission",
  "fields": {
    "name": "Can view User",
    "content_type": [
      "accounts",
      "user"
    ],
    "codename": "view_user"
  }
},
{
  "model": "auth.permission",
  "fields": {
    "name": "Can add accessory type",
    "content_type": [
      "events",
      "accessorytype"
    ],
    "codename": "add_accessorytype"
  }
},
{
  "model": "auth.permission",
  "fields": {
    "name": "Can change accessory type",
    "content_type": [
      "events",
      "accessorytype"
    ],
    "codename": "change_accessorytype"
  }
},
{
  "model": "auth.permission",
  "fields": {
    "name": "Can delete accessory type",
    "content_type": [
      "events",
      "accessorytype"
    ],
    "codename": "delete_accessorytype"
  }
},
{
  "model": "auth.permission",
  "fields": {
    "name": "Can view accessory type",
    "content_type": [
      "events",
      "accessorytype"
    ],
    "codename": "view_accessorytype"
  }
},
{
  "model": "auth.permission",
  "fields": {
    "name": "Can add event",
    "content_type": [
      "events",
      "event"
    ],
    "codename": "add_event"
  }
},
{
  "model": "auth.permission",
  "fields": {
    "name": "Can change event",
    "content_type": [
      "events",
      "event"
    ],
    "codename": "change_event"
  }
},
{
  "model": "auth.permission",
  "fields": {
    "name": "Can delete event",
    "content_type": [
      "events",
      "event"
    ],
    "codename": "delete_event"
  }
},
{
  "model": "auth.permission",
  "fields": {
    "name": "Can view event",
    "content_type": [
      "events",
      "event"
    ],
    "codename": "view_event"
  }
},
{
  "model": "auth.permission",
  "fields": {
    "name": "Can add venue",
    "content_type": [
      "events",
      "venue"
    ],
    "codename": "add_venue"
  }
},
{
  "model": "auth.permission",
  "fields": {
    "name": "Can change venue",
    "content_type": [
      "events",
      "venue"
    ],
    "codename": "change_venue"
  }
},
{
  "model": "auth.permission",
  "fields": {
    "name": "Can delete venue",
    "content_type": [
      "events",
      "venue"
    ],
    "codename": "delete_venue"
  }
},
{
  "model": "auth.permission",
  "fields": {
    "name": "Can view venue",
    "content_type": [
      "events",
      "venue"
    ],
    "codename": "view_venue"
  }
},
{
  "model": "auth.permission",
  "fields": {
    "name": "Can add floor plan",
    "content_type": [
      "events",
      "floorplan"
    ],
    "codename": "add_floorplan"
  }
},
{
  "model": "auth.permission",
  "fields": {
    "name": "Can change floor plan",
    "content_type": [
      "events",
      "floorplan"
    ],
    "codename": "change_floorplan"
  }
},
{
  "model": "auth.permission",
  "fields": {
    "name": "Can delete floor plan",
    "content_type": [
      "events",
      "floorplan"
    ],
    "codename": "delete_floorplan"
  }
},
{
  "model": "auth.permission",
  "fields": {
    "name": "Can view floor plan",
    "content_type": [
      "events",
      "floorplan"
    ],
    "codename": "view_floorplan"
  }
},
{
  "model": "auth.permission",
  "fields": {
    "name": "Can add zone",
    "content_type": [
      "events",
      "zone"
    ],
    "codename": "add_zone"
  }
},
{
  "model": "auth.permission",
  "fields": {
    "name": "Can change zone",
    "content_type": [
      "events",
      "zone"
    ],
    "codename": "change_zone"
  }
},
{
  "model": "auth.permission",
  "fields": {
    "name": "Can delete zone",
    "content_type": [
      "events",
      "zone"
    ],
    "codename": "delete_zone"
  }
},
{
  "model": "auth.permission",
  "fields": {
    "name": "Can view zone",
    "content_type": [
      "events",
      "zone"
    ],
    "codename": "view_zone"
  }
},
{
  "model": "auth.permission",
  "fields": {
    "name": "Can add stall",
    "content_type": [
      "events",
      "stall"
    ],
    "codename": "add_stall"
  }
},
{
  "model": "auth.permission",
  "fields": {
    "name": "Can change stall",
    "content_type": [
      "events",
      "stall"
    ],
    "codename": "change_stall"
  }
},
{
  "model": "auth.permission",
  "fields": {
    "name": "Can delete stall",
    "content_type": [
      "events",
      "stall"
    ],
    "codename": "delete_stall"
  }
},
{
  "model": "auth.permission",
  "fields": {
    "name": "Can view stall",
    "content_type": [
      "events",
      "stall"
    ],
    "codename": "view_stall"
  }
},
{
  "model": "auth.permission",
  "fields": {
    "name": "Can add booking",
    "content_type": [
      "bookings",
      "booking"
    ],
    "codename": "add_booking"
  }
},
{
  "model": "auth.permission",
  "fields": {
    "name": "Can change booking",
    "content_type": [
      "bookings",
      "booking"
    ],
    "codename": "change_booking"
  }
},
{
  "model": "auth.permission",
  "fields": {
    "name": "Can delete booking",
    "content_type": [
      "bookings",
      "booking"
    ],
    "codename": "delete_booking"
  }
},
{
  "model": "auth.permission",
  "fields": {
    "name": "Can view booking",
    "content_type": [
      "bookings",
      "booking"
    ],
    "codename": "view_booking"
  }
},
{
  "model": "auth.permission",
  "fields": {
    "name": "Can add booking accessory",
    "content_type": [
      "bookings",
      "bookingaccessory"
    ],
    "codename": "add_bookingaccessory"
  }
},
{
  "model": "auth.permission",
  "fields": {
    "name": "Can change booking accessory",
    "content_type": [
      "bookings",
      "bookingaccessory"
    ],
    "codename": "change_bookingaccessory"
  }
},
{
  "model": "auth.permission",
  "fields": {
    "name": "Can delete booking accessory",
    "content_type": [
      "bookings",
      "bookingaccessory"
    ],
    "codename": "delete_bookingaccessory"
  }
},
{
  "model": "auth.permission",
  "fields": {
    "name": "Can view booking accessory",
    "content_type": [
      "bookings",
      "bookingaccessory"
    ],
    "codename": "view_bookingaccessory"
  }
},
{
  "model": "auth.permission",
  "fields": {
    "name": "Can add discount request",
    "content_type": [
      "bookings",
      "discountrequest"
    ],
    "codename": "add_discountrequest"
  }
},
{
  "model": "auth.permission",
  "fields": {
    "name": "Can change discount request",
    "content_type": [
      "bookings",
      "discountrequest"
    ],
    "codename": "change_discountrequest"
  }
},
{
  "model": "auth.permission",
  "fields": {
    "name": "Can delete discount request",
    "content_type": [
      "bookings",
      "discountrequest"
    ],
    "codename": "delete_discountrequest"
  }
},
{
  "model": "auth.permission",
  "fields": {
    "name": "Can view discount request",
    "content_type": [
      "bookings",
      "discountrequest"
    ],
    "codename": "view_discountrequest"
  }
},
{
  "model": "auth.permission",
  "fields": {
    "name": "Can add invoice",
    "content_type": [
      "invoices",
      "invoice"
    ],
    "codename": "add_invoice"
  }
},
{
  "model": "auth.permission",
  "fields": {
    "name": "Can change invoice",
    "content_type": [
      "invoices",
      "invoice"
    ],
    "codename": "change_invoice"
  }
},
{
  "model": "auth.permission",
  "fields": {
    "name": "Can delete invoice",
    "content_type": [
      "invoices",
      "invoice"
    ],
    "codename": "delete_invoice"
  }
},
{
  "model": "auth.permission",
  "fields": {
    "name": "Can view invoice",
    "content_type": [
      "invoices",
      "invoice"
    ],
    "codename": "view_invoice"
  }
},
{
  "model": "auth.permission",
  "fields": {
    "name": "Can add payment",
    "content_type": [
      "invoices",
      "payment"
    ],
    "codename": "add_payment"
  }
},
{
  "model": "auth.permission",
  "fields": {
    "name": "Can change payment",
    "content_type": [
      "invoices",
      "payment"
    ],
    "codename": "change_payment"
  }
},
{
  "model": "auth.permission",
  "fields": {
    "name": "Can delete payment",
    "content_type": [
      "invoices",
      "payment"
    ],
    "codename": "delete_payment"
  }
},
{
  "model": "auth.permission",
  "fields": {
    "name": "Can view payment",
    "content_type": [
      "invoices",
      "payment"
    ],
    "codename": "view_payment"
  }
},
{
  "model": "auth.permission",
  "fields": {
    "name": "Can add payment reminder",
    "content_type": [
      "invoices",
      "paymentreminder"
    ],
    "codename": "add_paymentreminder"
  }
},
{
  "model": "auth.permission",
  "fields": {
    "name": "Can change payment reminder",
    "content_type": [
      "invoices",
      "paymentreminder"
    ],
    "codename": "change_paymentreminder"
  }
},
{
  "model": "auth.permission",
  "fields": {
    "name": "Can delete payment reminder",
    "content_type": [
      "invoices",
      "paymentreminder"
    ],
    "codename": "delete_paymentreminder"
  }
},
{
  "model": "auth.permission",
  "fields": {
    "name": "Can view payment reminder",
    "content_type": [
      "invoices",
      "paymentreminder"
    ],
    "codename": "view_paymentreminder"
  }
},
{
  "model": "auth.permission",
  "fields": {
    "name": "Can add service provider",
    "content_type": [
      "providers",
      "serviceprovider"
    ],
    "codename": "add_serviceprovider"
  }
},
{
  "model": "auth.permission",
  "fields": {
    "name": "Can change service provider",
    "content_type": [
      "providers",
      "serviceprovider"
    ],
    "codename": "change_serviceprovider"
  }
},
{
  "model": "auth.permission",
  "fields": {
    "name": "Can delete service provider",
    "content_type": [
      "providers",
      "serviceprovider"
    ],
    "codename": "delete_serviceprovider"
  }
},
{
  "model": "auth.permission",
  "fields": {
    "name": "Can view service provider",
    "content_type": [
      "providers",
      "serviceprovider"
    ],
    "codename": "view_serviceprovider"
  }
},
{
  "model": "auth.permission",
  "fields": {
    "name": "Can add duty register",
    "content_type": [
      "providers",
      "dutyregister"
    ],
    "codename": "add_dutyregister"
  }
},
{
  "model": "auth.permission",
  "fields": {
    "name": "Can change duty register",
    "content_type": [
      "providers",
      "dutyregister"
    ],
    "codename": "change_dutyregister"
  }
},
{
  "model": "auth.permission",
  "fields": {
    "name": "Can delete duty register",
    "content_type": [
      "providers",
      "dutyregister"
    ],
    "codename": "delete_dutyregister"
  }
},
{
  "model": "auth.permission",
  "fields": {
    "name": "Can view duty register",
    "content_type": [
      "providers",
      "dutyregister"
    ],
    "codename": "view_dutyregister"
  }
},
{
  "model": "auth.permission",
  "fields": {
    "name": "Can add service quotation",
    "content_type": [
      "providers",
      "servicequotation"
    ],
    "codename": "add_servicequotation"
  }
},
{
  "model": "auth.permission",
  "fields": {
    "name": "Can change service quotation",
    "content_type": [
      "providers",
      "servicequotation"
    ],
    "codename": "change_servicequotation"
  }
},
{
  "model": "auth.permission",
  "fields": {
    "name": "Can delete service quotation",
    "content_type": [
      "providers",
      "servicequotation"
    ],
    "codename": "delete_servicequotation"
  }
},
{
  "model": "auth.permission",
  "fields": {
    "name": "Can view service quotation",
    "content_type": [
      "providers",
      "servicequotation"
    ],
    "codename": "view_servicequotation"
  }
},
{
  "model": "auth.permission",
  "fields": {
    "name": "Can add staff user",
    "content_type": [
      "portal",
      "staffuser"
    ],
    "codename": "add_staffuser"
  }
},
{
  "model": "auth.permission",
  "fields": {
    "name": "Can change staff user",
    "content_type": [
      "portal",
      "staffuser"
    ],
    "codename": "change_staffuser"
  }
},
{
  "model": "auth.permission",
  "fields": {
    "name": "Can delete staff user",
    "content_type": [
      "portal",
      "staffuser"
    ],
    "codename": "delete_staffuser"
  }
},
{
  "model": "auth.permission",
  "fields": {
    "name": "Can view staff user",
    "content_type": [
      "portal",
      "staffuser"
    ],
    "codename": "view_staffuser"
  }
},
{
  "model": "auth.permission",
  "fields": {
    "name": "Can add notification",
    "content_type": [
      "notifications",
      "notification"
    ],
    "codename": "add_notification"
  }
},
{
  "model": "auth.permission",
  "fields": {
    "name": "Can change notification",
    "content_type": [
      "notifications",
      "notification"
    ],
    "codename": "change_notification"
  }
},
{
  "model": "auth.permission",
  "fields": {
    "name": "Can delete notification",
    "content_type": [
      "notifications",
      "notification"
    ],
    "codename": "delete_notification"
  }
},
{
  "model": "auth.permission",
  "fields": {
    "name": "Can view notification",
    "content_type": [
      "notifications",
      "notification"
    ],
    "codename": "view_notification"
  }
},
{
  "model": "auth.permission",
  "fields": {
    "name": "Can add receipt",
    "content_type": [
      "invoices",
      "receipt"
    ],
    "codename": "add_receipt"
  }
},
{
  "model": "auth.permission",
  "fields": {
    "name": "Can change receipt",
    "content_type": [
      "invoices",
      "receipt"
    ],
    "codename": "change_receipt"
  }
},
{
  "model": "auth.permission",
  "fields": {
    "name": "Can delete receipt",
    "content_type": [
      "invoices",
      "receipt"
    ],
    "codename": "delete_receipt"
  }
},
{
  "model": "auth.permission",
  "fields": {
    "name": "Can view receipt",
    "content_type": [
      "invoices",
      "receipt"
    ],
    "codename": "view_receipt"
  }
},
{
  "model": "auth.permission",
  "fields": {
    "name": "Can add ledger entry",
    "content_type": [
      "invoices",
      "ledgerentry"
    ],
    "codename": "add_ledgerentry"
  }
},
{
  "model": "auth.permission",
  "fields": {
    "name": "Can change ledger entry",
    "content_type": [
      "invoices",
      "ledgerentry"
    ],
    "codename": "change_ledgerentry"
  }
},
{
  "model": "auth.permission",
  "fields": {
    "name": "Can delete ledger entry",
    "content_type": [
      "invoices",
      "ledgerentry"
    ],
    "codename": "delete_ledgerentry"
  }
},
{
  "model": "auth.permission",
  "fields": {
    "name": "Can view ledger entry",
    "content_type": [
      "invoices",
      "ledgerentry"
    ],
    "codename": "view_ledgerentry"
  }
},
{
  "model": "auth.permission",
  "fields": {
    "name": "Can add journal entry",
    "content_type": [
      "accounting",
      "journalentry"
    ],
    "codename": "add_journalentry"
  }
},
{
  "model": "auth.permission",
  "fields": {
    "name": "Can change journal entry",
    "content_type": [
      "accounting",
      "journalentry"
    ],
    "codename": "change_journalentry"
  }
},
{
  "model": "auth.permission",
  "fields": {
    "name": "Can delete journal entry",
    "content_type": [
      "accounting",
      "journalentry"
    ],
    "codename": "delete_journalentry"
  }
},
{
  "model": "auth.permission",
  "fields": {
    "name": "Can view journal entry",
    "content_type": [
      "accounting",
      "journalentry"
    ],
    "codename": "view_journalentry"
  }
},
{
  "model": "auth.permission",
  "fields": {
    "name": "Can add journal line",
    "content_type": [
      "accounting",
      "journalline"
    ],
    "codename": "add_journalline"
  }
},
{
  "model": "auth.permission",
  "fields": {
    "name": "Can change journal line",
    "content_type": [
      "accounting",
      "journalline"
    ],
    "codename": "change_journalline"
  }
},
{
  "model": "auth.permission",
  "fields": {
    "name": "Can delete journal line",
    "content_type": [
      "accounting",
      "journalline"
    ],
    "codename": "delete_journalline"
  }
},
{
  "model": "auth.permission",
  "fields": {
    "name": "Can view journal line",
    "content_type": [
      "accounting",
      "journalline"
    ],
    "codename": "view_journalline"
  }
},
{
  "model": "auth.permission",
  "fields": {
    "name": "Can add account",
    "content_type": [
      "accounting",
      "account"
    ],
    "codename": "add_account"
  }
},
{
  "model": "auth.permission",
  "fields": {
    "name": "Can change account",
    "content_type": [
      "accounting",
      "account"
    ],
    "codename": "change_account"
  }
},
{
  "model": "auth.permission",
  "fields": {
    "name": "Can delete account",
    "content_type": [
      "accounting",
      "account"
    ],
    "codename": "delete_account"
  }
},
{
  "model": "auth.permission",
  "fields": {
    "name": "Can view account",
    "content_type": [
      "accounting",
      "account"
    ],
    "codename": "view_account"
  }
},
{
  "model": "auth.permission",
  "fields": {
    "name": "Can add role",
    "content_type": [
      "accounts",
      "role"
    ],
    "codename": "add_role"
  }
},
{
  "model": "auth.permission",
  "fields": {
    "name": "Can change role",
    "content_type": [
      "accounts",
      "role"
    ],
    "codename": "change_role"
  }
},
{
  "model": "auth.permission",
  "fields": {
    "name": "Can delete role",
    "content_type": [
      "accounts",
      "role"
    ],
    "codename": "delete_role"
  }
},
{
  "model": "auth.permission",
  "fields": {
    "name": "Can view role",
    "content_type": [
      "accounts",
      "role"
    ],
    "codename": "view_role"
  }
},
{
  "model": "auth.permission",
  "fields": {
    "name": "Can add Role Permission",
    "content_type": [
      "accounts",
      "rolepermission"
    ],
    "codename": "add_rolepermission"
  }
},
{
  "model": "auth.permission",
  "fields": {
    "name": "Can change Role Permission",
    "content_type": [
      "accounts",
      "rolepermission"
    ],
    "codename": "change_rolepermission"
  }
},
{
  "model": "auth.permission",
  "fields": {
    "name": "Can delete Role Permission",
    "content_type": [
      "accounts",
      "rolepermission"
    ],
    "codename": "delete_rolepermission"
  }
},
{
  "model": "auth.permission",
  "fields": {
    "name": "Can view Role Permission",
    "content_type": [
      "accounts",
      "rolepermission"
    ],
    "codename": "view_rolepermission"
  }
},
{
  "model": "auth.permission",
  "fields": {
    "name": "Can add expense",
    "content_type": [
      "providers",
      "expense"
    ],
    "codename": "add_expense"
  }
},
{
  "model": "auth.permission",
  "fields": {
    "name": "Can change expense",
    "content_type": [
      "providers",
      "expense"
    ],
    "codename": "change_expense"
  }
},
{
  "model": "auth.permission",
  "fields": {
    "name": "Can delete expense",
    "content_type": [
      "providers",
      "expense"
    ],
    "codename": "delete_expense"
  }
},
{
  "model": "auth.permission",
  "fields": {
    "name": "Can view expense",
    "content_type": [
      "providers",
      "expense"
    ],
    "codename": "view_expense"
  }
},
{
  "model": "auth.permission",
  "fields": {
    "name": "Can add service log",
    "content_type": [
      "providers",
      "servicelog"
    ],
    "codename": "add_servicelog"
  }
},
{
  "model": "auth.permission",
  "fields": {
    "name": "Can change service log",
    "content_type": [
      "providers",
      "servicelog"
    ],
    "codename": "change_servicelog"
  }
},
{
  "model": "auth.permission",
  "fields": {
    "name": "Can delete service log",
    "content_type": [
      "providers",
      "servicelog"
    ],
    "codename": "delete_servicelog"
  }
},
{
  "model": "auth.permission",
  "fields": {
    "name": "Can view service log",
    "content_type": [
      "providers",
      "servicelog"
    ],
    "codename": "view_servicelog"
  }
},
{
  "model": "auth.permission",
  "fields": {
    "name": "Can add quotation",
    "content_type": [
      "providers",
      "quotation"
    ],
    "codename": "add_quotation"
  }
},
{
  "model": "auth.permission",
  "fields": {
    "name": "Can change quotation",
    "content_type": [
      "providers",
      "quotation"
    ],
    "codename": "change_quotation"
  }
},
{
  "model": "auth.permission",
  "fields": {
    "name": "Can delete quotation",
    "content_type": [
      "providers",
      "quotation"
    ],
    "codename": "delete_quotation"
  }
},
{
  "model": "auth.permission",
  "fields": {
    "name": "Can view quotation",
    "content_type": [
      "providers",
      "quotation"
    ],
    "codename": "view_quotation"
  }
},
{
  "model": "auth.permission",
  "fields": {
    "name": "Can add RFQ Category",
    "content_type": [
      "providers",
      "rfqcategory"
    ],
    "codename": "add_rfqcategory"
  }
},
{
  "model": "auth.permission",
  "fields": {
    "name": "Can change RFQ Category",
    "content_type": [
      "providers",
      "rfqcategory"
    ],
    "codename": "change_rfqcategory"
  }
},
{
  "model": "auth.permission",
  "fields": {
    "name": "Can delete RFQ Category",
    "content_type": [
      "providers",
      "rfqcategory"
    ],
    "codename": "delete_rfqcategory"
  }
},
{
  "model": "auth.permission",
  "fields": {
    "name": "Can view RFQ Category",
    "content_type": [
      "providers",
      "rfqcategory"
    ],
    "codename": "view_rfqcategory"
  }
},
{
  "model": "auth.permission",
  "fields": {
    "name": "Can add Quotation Approval",
    "content_type": [
      "providers",
      "quotationapproval"
    ],
    "codename": "add_quotationapproval"
  }
},
{
  "model": "auth.permission",
  "fields": {
    "name": "Can change Quotation Approval",
    "content_type": [
      "providers",
      "quotationapproval"
    ],
    "codename": "change_quotationapproval"
  }
},
{
  "model": "auth.permission",
  "fields": {
    "name": "Can delete Quotation Approval",
    "content_type": [
      "providers",
      "quotationapproval"
    ],
    "codename": "delete_quotationapproval"
  }
},
{
  "model": "auth.permission",
  "fields": {
    "name": "Can view Quotation Approval",
    "content_type": [
      "providers",
      "quotationapproval"
    ],
    "codename": "view_quotationapproval"
  }
},
{
  "model": "auth.permission",
  "fields": {
    "name": "Can add quotation document",
    "content_type": [
      "providers",
      "quotationdocument"
    ],
    "codename": "add_quotationdocument"
  }
},
{
  "model": "auth.permission",
  "fields": {
    "name": "Can change quotation document",
    "content_type": [
      "providers",
      "quotationdocument"
    ],
    "codename": "change_quotationdocument"
  }
},
{
  "model": "auth.permission",
  "fields": {
    "name": "Can delete quotation document",
    "content_type": [
      "providers",
      "quotationdocument"
    ],
    "codename": "delete_quotationdocument"
  }
},
{
  "model": "auth.permission",
  "fields": {
    "name": "Can view quotation document",
    "content_type": [
      "providers",
      "quotationdocument"
    ],
    "codename": "view_quotationdocument"
  }
},
{
  "model": "auth.permission",
  "fields": {
    "name": "Can add Request for Proposal",
    "content_type": [
      "providers",
      "rfq"
    ],
    "codename": "add_rfq"
  }
},
{
  "model": "auth.permission",
  "fields": {
    "name": "Can change Request for Proposal",
    "content_type": [
      "providers",
      "rfq"
    ],
    "codename": "change_rfq"
  }
},
{
  "model": "auth.permission",
  "fields": {
    "name": "Can delete Request for Proposal",
    "content_type": [
      "providers",
      "rfq"
    ],
    "codename": "delete_rfq"
  }
},
{
  "model": "auth.permission",
  "fields": {
    "name": "Can view Request for Proposal",
    "content_type": [
      "providers",
      "rfq"
    ],
    "codename": "view_rfq"
  }
},
{
  "model": "auth.permission",
  "fields": {
    "name": "Can add FNB Access Token",
    "content_type": [
      "fnb_integration",
      "fnbaccesstoken"
    ],
    "codename": "add_fnbaccesstoken"
  }
},
{
  "model": "auth.permission",
  "fields": {
    "name": "Can change FNB Access Token",
    "content_type": [
      "fnb_integration",
      "fnbaccesstoken"
    ],
    "codename": "change_fnbaccesstoken"
  }
},
{
  "model": "auth.permission",
  "fields": {
    "name": "Can delete FNB Access Token",
    "content_type": [
      "fnb_integration",
      "fnbaccesstoken"
    ],
    "codename": "delete_fnbaccesstoken"
  }
},
{
  "model": "auth.permission",
  "fields": {
    "name": "Can view FNB Access Token",
    "content_type": [
      "fnb_integration",
      "fnbaccesstoken"
    ],
    "codename": "view_fnbaccesstoken"
  }
},
{
  "model": "auth.permission",
  "fields": {
    "name": "Can add FNB Payment Record",
    "content_type": [
      "fnb_integration",
      "fnbpaymentrecord"
    ],
    "codename": "add_fnbpaymentrecord"
  }
},
{
  "model": "auth.permission",
  "fields": {
    "name": "Can change FNB Payment Record",
    "content_type": [
      "fnb_integration",
      "fnbpaymentrecord"
    ],
    "codename": "change_fnbpaymentrecord"
  }
},
{
  "model": "auth.permission",
  "fields": {
    "name": "Can delete FNB Payment Record",
    "content_type": [
      "fnb_integration",
      "fnbpaymentrecord"
    ],
    "codename": "delete_fnbpaymentrecord"
  }
},
{
  "model": "auth.permission",
  "fields": {
    "name": "Can view FNB Payment Record",
    "content_type": [
      "fnb_integration",
      "fnbpaymentrecord"
    ],
    "codename": "view_fnbpaymentrecord"
  }
},
{
  "model": "auth.permission",
  "fields": {
    "name": "Can add fnb account",
    "content_type": [
      "fnb_integration",
      "fnbaccount"
    ],
    "codename": "add_fnbaccount"
  }
},
{
  "model": "auth.permission",
  "fields": {
    "name": "Can change fnb account",
    "content_type": [
      "fnb_integration",
      "fnbaccount"
    ],
    "codename": "change_fnbaccount"
  }
},
{
  "model": "auth.permission",
  "fields": {
    "name": "Can delete fnb account",
    "content_type": [
      "fnb_integration",
      "fnbaccount"
    ],
    "codename": "delete_fnbaccount"
  }
},
{
  "model": "auth.permission",
  "fields": {
    "name": "Can view fnb account",
    "content_type": [
      "fnb_integration",
      "fnbaccount"
    ],
    "codename": "view_fnbaccount"
  }
},
{
  "model": "auth.permission",
  "fields": {
    "name": "Can add FNB Transaction",
    "content_type": [
      "fnb_integration",
      "fnbtransaction"
    ],
    "codename": "add_fnbtransaction"
  }
},
{
  "model": "auth.permission",
  "fields": {
    "name": "Can change FNB Transaction",
    "content_type": [
      "fnb_integration",
      "fnbtransaction"
    ],
    "codename": "change_fnbtransaction"
  }
},
{
  "model": "auth.permission",
  "fields": {
    "name": "Can delete FNB Transaction",
    "content_type": [
      "fnb_integration",
      "fnbtransaction"
    ],
    "codename": "delete_fnbtransaction"
  }
},
{
  "model": "auth.permission",
  "fields": {
    "name": "Can view FNB Transaction",
    "content_type": [
      "fnb_integration",
      "fnbtransaction"
    ],
    "codename": "view_fnbtransaction"
  }
},
{
  "model": "accounts.user",
  "fields": {
    "password": "pbkdf2_sha256$1200000$6mIQN3BCG2EIwWOwVwj5D1$CinmNLotJOknsLRfIMC6q48XhWIxqcHbIEnpIRC6++M=",
    "last_login": "2026-07-14T00:41:17.475Z",
    "is_superuser": true,
    "username": "admin",
    "first_name": "",
    "last_name": "",
    "email": "admin@alansaar.org",
    "is_staff": true,
    "is_active": true,
    "date_joined": "2026-07-07T16:58:01.769Z",
    "user_type": "superadmin",
    "phone": "",
    "company_name": "Al Ansaar Foundation",
    "is_verified": false,
    "role": null,
    "groups": [],
    "user_permissions": []
  }
},
{
  "model": "accounts.user",
  "fields": {
    "password": "pbkdf2_sha256$1200000$0nBOcQoT8aeuOwKUKdqWI7$Uj8YCOyBj8SkiIs/sjmurSNNQu594ooKEF45b9O9S2g=",
    "last_login": "2026-07-07T19:30:49.828Z",
    "is_superuser": false,
    "username": "mogalia",
    "first_name": "Muhammad",
    "last_name": "Mogalia",
    "email": "mogalia.apps@gmail.com",
    "is_staff": false,
    "is_active": true,
    "date_joined": "2026-07-07T19:30:48.300Z",
    "user_type": "exhibitor",
    "phone": "0683561001",
    "company_name": "Mogalia Enterprises",
    "is_verified": false,
    "role": null,
    "groups": [],
    "user_permissions": []
  }
},
{
  "model": "accounts.user",
  "fields": {
    "password": "pbkdf2_sha256$1200000$R3slsiVPpkFYZ9uKDalY8Q$C058y1GZWhuH8V4liNmGcoWWGGTwyOKF2ZRYHWxKceA=",
    "last_login": "2026-07-07T19:53:07.437Z",
    "is_superuser": false,
    "username": "rabia",
    "first_name": "Rabia",
    "last_name": "Mogalia",
    "email": "mogalia.apps@gmail.com",
    "is_staff": false,
    "is_active": true,
    "date_joined": "2026-07-07T19:53:04.314Z",
    "user_type": "exhibitor",
    "phone": "0683561001",
    "company_name": "Rabia Trading",
    "is_verified": false,
    "role": null,
    "groups": [],
    "user_permissions": []
  }
},
{
  "model": "accounts.user",
  "fields": {
    "password": "pbkdf2_sha256$1200000$pLc8ZuBTd7n7UDelXmC4pl$FF3Zw102anjLN0gdf9A4QiQiTxttJZJejF3QmC3wYh0=",
    "last_login": "2026-07-07T21:38:51.320Z",
    "is_superuser": false,
    "username": "Dad",
    "first_name": "Aadil",
    "last_name": "Mogalia",
    "email": "mogalia786@gmail.com",
    "is_staff": false,
    "is_active": true,
    "date_joined": "2026-07-07T21:38:48.623Z",
    "user_type": "exhibitor",
    "phone": "0846004646",
    "company_name": "Faroq Trading",
    "is_verified": false,
    "role": null,
    "groups": [],
    "user_permissions": []
  }
},
{
  "model": "accounts.user",
  "fields": {
    "password": "pbkdf2_sha256$1200000$VInCW3mPdJLLZc6yDKJV0e$GfqXWtai3kaLYndbtub61FI+Mg2xCWdaLQJpqYMDkek=",
    "last_login": "2026-07-13T20:07:19.717Z",
    "is_superuser": false,
    "username": "sheez",
    "first_name": "zheereen",
    "last_name": "mogalia",
    "email": "mogalia786@gmail.com",
    "is_staff": false,
    "is_active": true,
    "date_joined": "2026-07-07T23:40:22.070Z",
    "user_type": "exhibitor",
    "phone": "0683561001",
    "company_name": "sheez trading",
    "is_verified": false,
    "role": null,
    "groups": [],
    "user_permissions": []
  }
},
{
  "model": "accounts.user",
  "fields": {
    "password": "pbkdf2_sha256$1200000$ZczVA9X3CyJlaWxUyyG2Rr$4XkOyrBjSboBzUIe6dDaOblgthGMiEW30gzUV1U2O40=",
    "last_login": "2026-07-08T21:06:43.343Z",
    "is_superuser": false,
    "username": "Nizam",
    "first_name": "",
    "last_name": "",
    "email": "alansaar@mogalia.co.za",
    "is_staff": true,
    "is_active": true,
    "date_joined": "2026-07-08T20:36:09.779Z",
    "user_type": "finance",
    "phone": "0683561001",
    "company_name": "",
    "is_verified": false,
    "role": 1,
    "groups": [],
    "user_permissions": []
  }
},
{
  "model": "accounts.user",
  "fields": {
    "password": "pbkdf2_sha256$1200000$7loQhW25j8XOnv0kQSQ7bk$mweUQK9rb/E7JeLudCz+8hTm0uulppFO9v5eHy3uUMw=",
    "last_login": "2026-07-08T23:02:50.870Z",
    "is_superuser": false,
    "username": "mr_bux",
    "first_name": "",
    "last_name": "",
    "email": "alansaar@mogalia.co.za",
    "is_staff": true,
    "is_active": true,
    "date_joined": "2026-07-08T20:42:05.670Z",
    "user_type": "director",
    "phone": "",
    "company_name": "Al Ansaar Foundation - Mr Bux",
    "is_verified": false,
    "role": 3,
    "groups": [],
    "user_permissions": []
  }
},
{
  "model": "accounts.user",
  "fields": {
    "password": "pbkdf2_sha256$1200000$ZOn9hgWSp6piFXCb2JO9zj$1cFJGq63FE7005tTJYdsFW4MFncfD0ee3sEPG7rR7tg=",
    "last_login": null,
    "is_superuser": false,
    "username": "mr_sakoor",
    "first_name": "",
    "last_name": "",
    "email": "alansaar@mogalia.co.za",
    "is_staff": true,
    "is_active": true,
    "date_joined": "2026-07-08T20:42:08.135Z",
    "user_type": "director",
    "phone": "0683561001",
    "company_name": "Al Ansaar Foundation - Mr Sakoor",
    "is_verified": false,
    "role": 3,
    "groups": [],
    "user_permissions": []
  }
},
{
  "model": "accounts.user",
  "fields": {
    "password": "pbkdf2_sha256$1200000$WeWi57zFra5E3rT2VcbXkm$6fSPTrs3kqN8xhteAsfknYIlyYJtNp9BGKhfZ4E1fPs=",
    "last_login": null,
    "is_superuser": false,
    "username": "Ashley",
    "first_name": "",
    "last_name": "",
    "email": "mogalia786@gmail.com",
    "is_staff": false,
    "is_active": true,
    "date_joined": "2026-07-08T22:06:55.753Z",
    "user_type": "service_provider",
    "phone": "0683561001",
    "company_name": "Ashley Stand Builder",
    "is_verified": false,
    "role": null,
    "groups": [],
    "user_permissions": []
  }
},
{
  "model": "accounts.user",
  "fields": {
    "password": "pbkdf2_sha256$1200000$egttXgQdG4EbX0BJK3XeKN$Or1pH0YGp6Ts4FpansGrimbq79jjnhJFlR7aeNmJKM4=",
    "last_login": "2026-07-09T12:12:17.063Z",
    "is_superuser": false,
    "username": "Bilal",
    "first_name": "BILAL",
    "last_name": "Joosab",
    "email": "tech@alansaar.org.za",
    "is_staff": false,
    "is_active": true,
    "date_joined": "2026-07-09T12:12:15.065Z",
    "user_type": "exhibitor",
    "phone": "0683561001",
    "company_name": "Bilal Foods",
    "is_verified": false,
    "role": null,
    "groups": [],
    "user_permissions": []
  }
},
{
  "model": "accounts.user",
  "fields": {
    "password": "pbkdf2_sha256$1200000$6dCvpmkV1uj9fEN7qam0ot$817Y0MAWt+ycaO27vKc9NVUSTDzT+QK1ut8UrN60lyU=",
    "last_login": "2026-07-09T12:15:16.025Z",
    "is_superuser": false,
    "username": "Biloo",
    "first_name": "BILAL",
    "last_name": "Joosab",
    "email": "tech@alansaar.org.za",
    "is_staff": false,
    "is_active": true,
    "date_joined": "2026-07-09T12:15:12.121Z",
    "user_type": "exhibitor",
    "phone": "0683561001",
    "company_name": "Bilal Cuisine",
    "is_verified": false,
    "role": null,
    "groups": [],
    "user_permissions": []
  }
},
{
  "model": "accounts.user",
  "fields": {
    "password": "pbkdf2_sha256$1200000$LFlYrXMRS03B9wDoa6VaA2$q2hKY9Y8xNjZ+o7x057akkX/eUSWzRIc7DM5hsCU2Yg=",
    "last_login": "2026-07-09T13:05:52.152Z",
    "is_superuser": false,
    "username": "Irfaan",
    "first_name": "Irfaan",
    "last_name": "Bux",
    "email": "ibux@alansaar.org.za",
    "is_staff": false,
    "is_active": true,
    "date_joined": "2026-07-09T12:17:56.135Z",
    "user_type": "exhibitor",
    "phone": "0683561001",
    "company_name": "Steakout",
    "is_verified": false,
    "role": null,
    "groups": [],
    "user_permissions": []
  }
},
{
  "model": "accounts.user",
  "fields": {
    "password": "pbkdf2_sha256$1200000$Tj5gNqGp2cYK2aP1AgRduX$jDsdTqATXXCdZjIA8m3jpNh20JKaDV1WGsLcMsfUkgg=",
    "last_login": "2026-07-13T20:59:34.604Z",
    "is_superuser": false,
    "username": "Saber",
    "first_name": "Imran",
    "last_name": "Saber",
    "email": "mogalia.apps@gmail.com",
    "is_staff": false,
    "is_active": true,
    "date_joined": "2026-07-13T20:59:31.165Z",
    "user_type": "exhibitor",
    "phone": "0683561001",
    "company_name": "Saber Bookshop",
    "is_verified": false,
    "role": null,
    "groups": [],
    "user_permissions": []
  }
},
{
  "model": "bookings.booking",
  "pk": 19,
  "fields": {
    "booking_reference": "BK-FC5C470E",
    "event": 1,
    "exhibitor": [
      "sheez"
    ],
    "stall": 590,
    "status": "cancelled",
    "payment_status": "unpaid",
    "stall_price": "5000.00",
    "accessories_total": "0.00",
    "electricity_deposit": "0.00",
    "subtotal": "5000.00",
    "vat_amount": "750.00",
    "total_amount": "5750.00",
    "amount_paid": "0.00",
    "balance_due": "5750.00",
    "fascia_name": "SHEEZ TRADING",
    "terms_accepted": false,
    "requires_power": false,
    "power_amps": 0,
    "requires_water": false,
    "require_stand_build": false,
    "require_remove_side_walls": false,
    "side_wall_removal": "none",
    "require_floor_mat": false,
    "require_carpet": false,
    "require_extra_plugs": false,
    "require_extra_lights": false,
    "require_additional_power_amps": 0,
    "stand_build_instructions": "",
    "exhibitor_requirements": "",
    "special_requirements": "",
    "admin_notes": "",
    "stand_build_completed": false,
    "electrical_completed": false,
    "requirements_version": 0,
    "requirements_updated_at": null,
    "booking_date": "2026-07-13T20:21:35.747Z",
    "approved_date": null,
    "confirmed_date": null,
    "payment_due_date": null
  }
},
{
  "model": "bookings.booking",
  "pk": 20,
  "fields": {
    "booking_reference": "BK-E8E28193",
    "event": 1,
    "exhibitor": [
      "sheez"
    ],
    "stall": 591,
    "status": "pending",
    "payment_status": "unpaid",
    "stall_price": "5000.00",
    "accessories_total": "0.00",
    "electricity_deposit": "500.00",
    "subtotal": "5500.00",
    "vat_amount": "825.00",
    "total_amount": "6325.00",
    "amount_paid": "0.00",
    "balance_due": "6325.00",
    "fascia_name": "",
    "terms_accepted": false,
    "requires_power": true,
    "power_amps": 15,
    "requires_water": false,
    "require_stand_build": true,
    "require_remove_side_walls": false,
    "side_wall_removal": "left",
    "require_floor_mat": false,
    "require_carpet": true,
    "require_extra_plugs": true,
    "require_extra_lights": true,
    "require_additional_power_amps": 0,
    "stand_build_instructions": "",
    "exhibitor_requirements": "",
    "special_requirements": "",
    "admin_notes": "",
    "stand_build_completed": false,
    "electrical_completed": false,
    "requirements_version": 0,
    "requirements_updated_at": null,
    "booking_date": "2026-07-13T20:23:41.545Z",
    "approved_date": null,
    "confirmed_date": null,
    "payment_due_date": null
  }
},
{
  "model": "bookings.booking",
  "pk": 21,
  "fields": {
    "booking_reference": "BK-3514A501",
    "event": 1,
    "exhibitor": [
      "Saber"
    ],
    "stall": 642,
    "status": "pending",
    "payment_status": "unpaid",
    "stall_price": "5000.00",
    "accessories_total": "500.00",
    "electricity_deposit": "500.00",
    "subtotal": "6000.00",
    "vat_amount": "900.00",
    "total_amount": "6900.00",
    "amount_paid": "0.00",
    "balance_due": "6900.00",
    "fascia_name": "Saber Cars",
    "terms_accepted": false,
    "requires_power": true,
    "power_amps": 15,
    "requires_water": false,
    "require_stand_build": true,
    "require_remove_side_walls": false,
    "side_wall_removal": "none",
    "require_floor_mat": true,
    "require_carpet": false,
    "require_extra_plugs": true,
    "require_extra_lights": true,
    "require_additional_power_amps": 0,
    "stand_build_instructions": "",
    "exhibitor_requirements": "",
    "special_requirements": "",
    "admin_notes": "",
    "stand_build_completed": false,
    "electrical_completed": false,
    "requirements_version": 0,
    "requirements_updated_at": null,
    "booking_date": "2026-07-13T22:57:57.258Z",
    "approved_date": null,
    "confirmed_date": null,
    "payment_due_date": null
  }
},
{
  "model": "invoices.invoice",
  "pk": 15,
  "fields": {
    "invoice_number": "INV-BK-E8E28193",
    "booking": 20,
    "exhibitor": [
      "sheez"
    ],
    "amount_excl": "5000.00",
    "vat_amount": "750.00",
    "amount_incl": "5750.00",
    "amount_paid": "0.00",
    "balance_due": "5750.00",
    "status": "draft",
    "issue_date": "2026-07-13",
    "due_date": "2026-07-13",
    "paid_date": null,
    "notes": "",
    "pdf_file": "",
    "created_at": "2026-07-13T20:23:41.561Z"
  }
},
{
  "model": "invoices.invoice",
  "pk": 16,
  "fields": {
    "invoice_number": "INV-BK-3514A501",
    "booking": 21,
    "exhibitor": [
      "Saber"
    ],
    "amount_excl": "5000.00",
    "vat_amount": "750.00",
    "amount_incl": "5750.00",
    "amount_paid": "0.00",
    "balance_due": "5750.00",
    "status": "draft",
    "issue_date": "2026-07-14",
    "due_date": "2026-07-14",
    "paid_date": null,
    "notes": "",
    "pdf_file": "",
    "created_at": "2026-07-13T22:57:57.279Z"
  }
},
{
  "model": "providers.expense",
  "pk": 1,
  "fields": {
    "provider": 1,
    "description": "Build and breakdown of stands",
    "category": "stand_building",
    "amount_excl": "200000.00",
    "vat_amount": "30000.00",
    "amount_incl": "230000.00",
    "amount_paid": "10000.00",
    "balance_due": "220000.00",
    "status": "partial",
    "expense_date": "2026-07-08",
    "due_date": "2026-12-31",
    "paid_date": null,
    "payment_reference": "cash",
    "invoice_file": "",
    "notes": "",
    "created_at": "2026-07-08T21:51:00.269Z",
    "created_by": [
      "admin"
    ]
  }
},
{
  "model": "providers.expense",
  "pk": 3,
  "fields": {
    "provider": 2,
    "description": "RFP-2026-0001 - Cleaning Service - QTN-2026-0002",
    "category": "other",
    "amount_excl": "140000.00",
    "vat_amount": "21000.00",
    "amount_incl": "161000.00",
    "amount_paid": "0.00",
    "balance_due": "161000.00",
    "status": "unpaid",
    "expense_date": "2026-07-10",
    "due_date": "2026-08-09",
    "paid_date": null,
    "payment_reference": "",
    "invoice_file": "",
    "notes": "Final approval after site meeting. Quotation: QTN-2026-0002",
    "created_at": "2026-07-10T01:00:32.953Z",
    "created_by": [
      "admin"
    ]
  }
},
{
  "model": "providers.rfq",
  "pk": 1,
  "fields": {
    "rfq_number": "RFP-2026-0001",
    "event": null,
    "category": 4,
    "title": "Cleaning Service",
    "description": "We require at least 20 cleaners working 2 shifts making sure that the venue is cleaned at all time. Please submit your proposals.",
    "deliverables": "Clean Rest Rooms, bins, entry points, hall, bins etc",
    "terms_and_conditions": "",
    "priority": "high",
    "status": "awarded",
    "issue_date": "2026-07-09",
    "closing_date": "2026-09-30T10:00:00Z",
    "estimated_budget": "120000.00",
    "contact_person": "Irfaan Bux",
    "contact_email": "mogalia786@gmail.com",
    "contact_phone": "0683561001",
    "site_visit_required": false,
    "site_visit_date": null,
    "documents": "",
    "created_by": [
      "admin"
    ],
    "published_at": "2026-07-09T23:11:08.686Z",
    "created_at": "2026-07-09T23:10:52.153Z",
    "updated_at": "2026-07-10T00:29:37.589Z"
  }
},
{
  "model": "providers.rfq",
  "pk": 2,
  "fields": {
    "rfq_number": "RFP-2026-0002",
    "event": 1,
    "category": 5,
    "title": "Security",
    "description": "Need Security",
    "deliverables": "At Least 10 guards per shift",
    "terms_and_conditions": "Must be Certified",
    "priority": "high",
    "status": "open",
    "issue_date": "2026-07-12",
    "closing_date": "2026-09-30T10:00:00Z",
    "estimated_budget": "125000.00",
    "contact_person": "Irfaan Bux",
    "contact_email": "mogalia786@gmail.com",
    "contact_phone": "0683561001",
    "site_visit_required": false,
    "site_visit_date": null,
    "documents": "rfq_documents/Price_List_2026_-_FOR_SOUK.pdf",
    "created_by": [
      "admin"
    ],
    "published_at": "2026-07-12T02:51:22.670Z",
    "created_at": "2026-07-12T02:47:58.952Z",
    "updated_at": "2026-07-12T02:51:22.670Z"
  }
},
{
  "model": "providers.quotationapproval",
  "pk": 1,
  "fields": {
    "quotation": 2,
    "approved_by": [
      "admin"
    ],
    "approval_order": 1,
    "comments": "",
    "approved_at": "2026-07-10T00:19:28.359Z"
  }
},
{
  "model": "providers.quotationapproval",
  "pk": 2,
  "fields": {
    "quotation": 2,
    "approved_by": [
      "admin"
    ],
    "approval_order": 2,
    "comments": "",
    "approved_at": "2026-07-10T00:29:37.574Z"
  }
},
{
  "model": "notifications.notification",
  "pk": 1,
  "fields": {
    "user": [
      "rabia"
    ],
    "notification_type": "account",
    "title": "Welcome to Al Ansaar Foundation",
    "message": "Your exhibitor account has been created. You can now browse and book stalls.",
    "link": "/dashboard/",
    "is_read": false,
    "created_at": "2026-07-07T19:53:07.422Z"
  }
},
{
  "model": "notifications.notification",
  "pk": 15,
  "fields": {
    "user": [
      "Dad"
    ],
    "notification_type": "account",
    "title": "Welcome to Al Ansaar Foundation",
    "message": "Your exhibitor account has been created. You can now browse and book stalls.",
    "link": "/dashboard/",
    "is_read": false,
    "created_at": "2026-07-07T21:38:51.302Z"
  }
},
{
  "model": "notifications.notification",
  "pk": 19,
  "fields": {
    "user": [
      "sheez"
    ],
    "notification_type": "account",
    "title": "Welcome to Al Ansaar Foundation",
    "message": "Your exhibitor account has been created. You can now browse and book stalls.",
    "link": "/dashboard/",
    "is_read": false,
    "created_at": "2026-07-07T23:40:25.118Z"
  }
},
{
  "model": "notifications.notification",
  "pk": 22,
  "fields": {
    "user": [
      "sheez"
    ],
    "notification_type": "payment",
    "title": "Payment of R2000.00 Received",
    "message": "Your payment of R2000.00 for invoice INV-E0E0529D has been received and is pending verification.",
    "link": "/invoices/8/",
    "is_read": false,
    "created_at": "2026-07-08T00:35:45.075Z"
  }
},
{
  "model": "notifications.notification",
  "pk": 24,
  "fields": {
    "user": [
      "admin"
    ],
    "notification_type": "payment",
    "title": "Payment to Verify - R2000.00",
    "message": "sheez trading submitted a payment of R2000.00 for INV-A409389F.",
    "link": "/erp/payments/",
    "is_read": false,
    "created_at": "2026-07-08T00:53:01.159Z"
  }
},
{
  "model": "notifications.notification",
  "pk": 25,
  "fields": {
    "user": [
      "sheez"
    ],
    "notification_type": "payment",
    "title": "Payment of R2000.00 Received",
    "message": "Your payment of R2000.00 for invoice INV-A409389F has been received and is pending verification.",
    "link": "/invoices/11/",
    "is_read": false,
    "created_at": "2026-07-08T00:53:01.455Z"
  }
},
{
  "model": "notifications.notification",
  "pk": 26,
  "fields": {
    "user": [
      "admin"
    ],
    "notification_type": "payment",
    "title": "Payment to Verify - R7705.00",
    "message": "sheez trading submitted a payment of R7705.00 for INV-DC62BD4F.",
    "link": "/erp/payments/",
    "is_read": false,
    "created_at": "2026-07-08T22:02:00.779Z"
  }
},
{
  "model": "notifications.notification",
  "pk": 27,
  "fields": {
    "user": [
      "Nizam"
    ],
    "notification_type": "payment",
    "title": "Payment to Verify - R7705.00",
    "message": "sheez trading submitted a payment of R7705.00 for INV-DC62BD4F.",
    "link": "/erp/payments/",
    "is_read": false,
    "created_at": "2026-07-08T22:02:00.785Z"
  }
},
{
  "model": "notifications.notification",
  "pk": 28,
  "fields": {
    "user": [
      "mr_bux"
    ],
    "notification_type": "payment",
    "title": "Payment to Verify - R7705.00",
    "message": "sheez trading submitted a payment of R7705.00 for INV-DC62BD4F.",
    "link": "/erp/payments/",
    "is_read": false,
    "created_at": "2026-07-08T22:02:00.791Z"
  }
},
{
  "model": "notifications.notification",
  "pk": 29,
  "fields": {
    "user": [
      "mr_sakoor"
    ],
    "notification_type": "payment",
    "title": "Payment to Verify - R7705.00",
    "message": "sheez trading submitted a payment of R7705.00 for INV-DC62BD4F.",
    "link": "/erp/payments/",
    "is_read": false,
    "created_at": "2026-07-08T22:02:00.799Z"
  }
},
{
  "model": "notifications.notification",
  "pk": 30,
  "fields": {
    "user": [
      "sheez"
    ],
    "notification_type": "payment",
    "title": "Payment of R7705.00 Received",
    "message": "Your payment of R7705.00 for invoice INV-DC62BD4F has been received and is pending verification.",
    "link": "/invoices/13/",
    "is_read": false,
    "created_at": "2026-07-08T22:02:01.131Z"
  }
},
{
  "model": "notifications.notification",
  "pk": 31,
  "fields": {
    "user": [
      "sheez"
    ],
    "notification_type": "payment",
    "title": "Payment of R7705.00 Verified",
    "message": "Your payment of R7705.00 for INV-DC62BD4F has been verified. Receipt: RCT-05CD0078.",
    "link": "/invoices/13/",
    "is_read": false,
    "created_at": "2026-07-08T22:03:27.374Z"
  }
},
{
  "model": "notifications.notification",
  "pk": 32,
  "fields": {
    "user": [
      "sheez"
    ],
    "notification_type": "booking",
    "title": "Requirements Updated (v1)",
    "message": "Your requirements for BK-05EE0514 have been saved and notified to providers.",
    "link": "/bookings/17/",
    "is_read": false,
    "created_at": "2026-07-08T22:34:10.716Z"
  }
},
{
  "model": "notifications.notification",
  "pk": 33,
  "fields": {
    "user": [
      "sheez"
    ],
    "notification_type": "discount",
    "title": "Discount Request Submitted (5%)",
    "message": "Your discount request for BK-05EE0514 is pending approval.",
    "link": "/bookings/17/",
    "is_read": false,
    "created_at": "2026-07-08T22:57:40.369Z"
  }
},
{
  "model": "notifications.notification",
  "pk": 34,
  "fields": {
    "user": [
      "sheez"
    ],
    "notification_type": "discount",
    "title": "Discount Request Submitted (10%)",
    "message": "Your discount request for BK-05EE0514 is pending approval.",
    "link": "/bookings/17/",
    "is_read": false,
    "created_at": "2026-07-08T23:07:49.432Z"
  }
},
{
  "model": "notifications.notification",
  "pk": 35,
  "fields": {
    "user": [
      "sheez"
    ],
    "notification_type": "discount",
    "title": "Discount Request Submitted (10%)",
    "message": "Your discount request for BK-05EE0514 is pending approval.",
    "link": "/bookings/17/",
    "is_read": false,
    "created_at": "2026-07-08T23:08:04.274Z"
  }
},
{
  "model": "notifications.notification",
  "pk": 36,
  "fields": {
    "user": [
      "Bilal"
    ],
    "notification_type": "account",
    "title": "Welcome to Al Ansaar Foundation",
    "message": "Your exhibitor account has been created. You can now browse and book stalls.",
    "link": "/dashboard/",
    "is_read": false,
    "created_at": "2026-07-09T12:12:17.043Z"
  }
},
{
  "model": "notifications.notification",
  "pk": 37,
  "fields": {
    "user": [
      "Biloo"
    ],
    "notification_type": "account",
    "title": "Welcome to Al Ansaar Foundation",
    "message": "Your exhibitor account has been created. You can now browse and book stalls.",
    "link": "/dashboard/",
    "is_read": false,
    "created_at": "2026-07-09T12:15:15.998Z"
  }
},
{
  "model": "notifications.notification",
  "pk": 38,
  "fields": {
    "user": [
      "Irfaan"
    ],
    "notification_type": "account",
    "title": "Welcome to Al Ansaar Foundation",
    "message": "Your exhibitor account has been created. You can now browse and book stalls.",
    "link": "/dashboard/",
    "is_read": false,
    "created_at": "2026-07-09T12:17:57.743Z"
  }
},
{
  "model": "notifications.notification",
  "pk": 39,
  "fields": {
    "user": [
      "Irfaan"
    ],
    "notification_type": "booking",
    "title": "Requirements Updated (v1)",
    "message": "Your requirements for BK-1F35B11C have been saved and notified to providers.",
    "link": "/bookings/18/",
    "is_read": false,
    "created_at": "2026-07-09T13:07:13.667Z"
  }
},
{
  "model": "notifications.notification",
  "pk": 40,
  "fields": {
    "user": [
      "Irfaan"
    ],
    "notification_type": "booking",
    "title": "Requirements Updated (v2)",
    "message": "Your requirements for BK-1F35B11C have been saved and notified to providers.",
    "link": "/bookings/18/",
    "is_read": false,
    "created_at": "2026-07-09T13:08:25.196Z"
  }
},
{
  "model": "notifications.notification",
  "pk": 41,
  "fields": {
    "user": [
      "Irfaan"
    ],
    "notification_type": "booking",
    "title": "Requirements Updated (v3)",
    "message": "Your requirements for BK-1F35B11C have been saved and notified to providers.",
    "link": "/bookings/18/",
    "is_read": false,
    "created_at": "2026-07-09T13:11:57.634Z"
  }
},
{
  "model": "notifications.notification",
  "pk": 42,
  "fields": {
    "user": [
      "Irfaan"
    ],
    "notification_type": "booking",
    "title": "Requirements Updated (v4)",
    "message": "Your requirements for BK-1F35B11C have been saved and notified to providers.",
    "link": "/bookings/18/",
    "is_read": false,
    "created_at": "2026-07-09T13:12:58.295Z"
  }
},
{
  "model": "notifications.notification",
  "pk": 43,
  "fields": {
    "user": [
      "Irfaan"
    ],
    "notification_type": "booking",
    "title": "Requirements Updated (v5)",
    "message": "Your requirements for BK-1F35B11C have been saved and notified to providers.",
    "link": "/bookings/18/",
    "is_read": false,
    "created_at": "2026-07-09T14:37:51.026Z"
  }
},
{
  "model": "notifications.notification",
  "pk": 44,
  "fields": {
    "user": [
      "admin"
    ],
    "notification_type": "payment",
    "title": "Payment to Verify - R9085.00",
    "message": "Steakout submitted a payment of R9085.00 for INV-6FB24EA2.",
    "link": "/erp/payments/",
    "is_read": false,
    "created_at": "2026-07-09T14:38:50.938Z"
  }
},
{
  "model": "notifications.notification",
  "pk": 45,
  "fields": {
    "user": [
      "Nizam"
    ],
    "notification_type": "payment",
    "title": "Payment to Verify - R9085.00",
    "message": "Steakout submitted a payment of R9085.00 for INV-6FB24EA2.",
    "link": "/erp/payments/",
    "is_read": false,
    "created_at": "2026-07-09T14:38:50.949Z"
  }
},
{
  "model": "notifications.notification",
  "pk": 46,
  "fields": {
    "user": [
      "mr_bux"
    ],
    "notification_type": "payment",
    "title": "Payment to Verify - R9085.00",
    "message": "Steakout submitted a payment of R9085.00 for INV-6FB24EA2.",
    "link": "/erp/payments/",
    "is_read": false,
    "created_at": "2026-07-09T14:38:50.957Z"
  }
},
{
  "model": "notifications.notification",
  "pk": 47,
  "fields": {
    "user": [
      "mr_sakoor"
    ],
    "notification_type": "payment",
    "title": "Payment to Verify - R9085.00",
    "message": "Steakout submitted a payment of R9085.00 for INV-6FB24EA2.",
    "link": "/erp/payments/",
    "is_read": false,
    "created_at": "2026-07-09T14:38:50.964Z"
  }
},
{
  "model": "notifications.notification",
  "pk": 48,
  "fields": {
    "user": [
      "Irfaan"
    ],
    "notification_type": "payment",
    "title": "Payment of R9085.00 Received",
    "message": "Your payment of R9085.00 for invoice INV-6FB24EA2 has been received and is pending verification.",
    "link": "/invoices/14/",
    "is_read": false,
    "created_at": "2026-07-09T14:38:51.309Z"
  }
},
{
  "model": "notifications.notification",
  "pk": 49,
  "fields": {
    "user": [
      "admin"
    ],
    "notification_type": "rfq",
    "title": "RFQ Published: RFP-2026-0001",
    "message": "Cleaning Service - Closes: 30 Sep 2026 10:00",
    "link": "/erp/rfqs/1/",
    "is_read": false,
    "created_at": "2026-07-09T23:11:10.495Z"
  }
},
{
  "model": "notifications.notification",
  "pk": 50,
  "fields": {
    "user": [
      "Nizam"
    ],
    "notification_type": "rfq",
    "title": "RFQ Published: RFP-2026-0001",
    "message": "Cleaning Service - Closes: 30 Sep 2026 10:00",
    "link": "/erp/rfqs/1/",
    "is_read": false,
    "created_at": "2026-07-09T23:11:10.503Z"
  }
},
{
  "model": "notifications.notification",
  "pk": 51,
  "fields": {
    "user": [
      "mr_bux"
    ],
    "notification_type": "rfq",
    "title": "RFQ Published: RFP-2026-0001",
    "message": "Cleaning Service - Closes: 30 Sep 2026 10:00",
    "link": "/erp/rfqs/1/",
    "is_read": false,
    "created_at": "2026-07-09T23:11:10.509Z"
  }
},
{
  "model": "notifications.notification",
  "pk": 52,
  "fields": {
    "user": [
      "mr_sakoor"
    ],
    "notification_type": "rfq",
    "title": "RFQ Published: RFP-2026-0001",
    "message": "Cleaning Service - Closes: 30 Sep 2026 10:00",
    "link": "/erp/rfqs/1/",
    "is_read": false,
    "created_at": "2026-07-09T23:11:10.515Z"
  }
},
{
  "model": "notifications.notification",
  "pk": 53,
  "fields": {
    "user": [
      "admin"
    ],
    "notification_type": "rfq",
    "title": "Quotation: QTN-2026-0002",
    "message": "Durban Cleaning Service submitted a quotation for RFP-2026-0001 - R161000.00",
    "link": "/erp/rfqs/1/",
    "is_read": false,
    "created_at": "2026-07-09T23:49:03.925Z"
  }
},
{
  "model": "notifications.notification",
  "pk": 54,
  "fields": {
    "user": [
      "Nizam"
    ],
    "notification_type": "rfq",
    "title": "Quotation: QTN-2026-0002",
    "message": "Durban Cleaning Service submitted a quotation for RFP-2026-0001 - R161000.00",
    "link": "/erp/rfqs/1/",
    "is_read": false,
    "created_at": "2026-07-09T23:49:03.932Z"
  }
},
{
  "model": "notifications.notification",
  "pk": 55,
  "fields": {
    "user": [
      "mr_bux"
    ],
    "notification_type": "rfq",
    "title": "Quotation: QTN-2026-0002",
    "message": "Durban Cleaning Service submitted a quotation for RFP-2026-0001 - R161000.00",
    "link": "/erp/rfqs/1/",
    "is_read": false,
    "created_at": "2026-07-09T23:49:03.937Z"
  }
},
{
  "model": "notifications.notification",
  "pk": 56,
  "fields": {
    "user": [
      "mr_sakoor"
    ],
    "notification_type": "rfq",
    "title": "Quotation: QTN-2026-0002",
    "message": "Durban Cleaning Service submitted a quotation for RFP-2026-0001 - R161000.00",
    "link": "/erp/rfqs/1/",
    "is_read": false,
    "created_at": "2026-07-09T23:49:03.943Z"
  }
},
{
  "model": "notifications.notification",
  "pk": 57,
  "fields": {
    "user": [
      "admin"
    ],
    "notification_type": "rfq",
    "title": "Site Meeting Scheduled",
    "message": "Site meeting scheduled for 08 Oct 2026 at 09:00 regarding QTN-2026-0002.",
    "link": "/erp/quotations/2/",
    "is_read": false,
    "created_at": "2026-07-10T00:44:07.715Z"
  }
},
{
  "model": "notifications.notification",
  "pk": 58,
  "fields": {
    "user": [
      "Nizam"
    ],
    "notification_type": "rfq",
    "title": "Site Meeting Scheduled",
    "message": "Site meeting scheduled for 08 Oct 2026 at 09:00 regarding QTN-2026-0002.",
    "link": "/erp/quotations/2/",
    "is_read": false,
    "created_at": "2026-07-10T00:44:07.726Z"
  }
},
{
  "model": "notifications.notification",
  "pk": 59,
  "fields": {
    "user": [
      "mr_bux"
    ],
    "notification_type": "rfq",
    "title": "Site Meeting Scheduled",
    "message": "Site meeting scheduled for 08 Oct 2026 at 09:00 regarding QTN-2026-0002.",
    "link": "/erp/quotations/2/",
    "is_read": false,
    "created_at": "2026-07-10T00:44:07.732Z"
  }
},
{
  "model": "notifications.notification",
  "pk": 60,
  "fields": {
    "user": [
      "mr_sakoor"
    ],
    "notification_type": "rfq",
    "title": "Site Meeting Scheduled",
    "message": "Site meeting scheduled for 08 Oct 2026 at 09:00 regarding QTN-2026-0002.",
    "link": "/erp/quotations/2/",
    "is_read": false,
    "created_at": "2026-07-10T00:44:07.738Z"
  }
},
{
  "model": "notifications.notification",
  "pk": 61,
  "fields": {
    "user": [
      "admin"
    ],
    "notification_type": "rfq",
    "title": "Quotation Fully Approved",
    "message": "Quotation QTN-2026-0002 for RFP-2026-0001 has been fully approved after site meeting.",
    "link": "/erp/quotations/2/",
    "is_read": false,
    "created_at": "2026-07-10T00:59:01.044Z"
  }
},
{
  "model": "notifications.notification",
  "pk": 62,
  "fields": {
    "user": [
      "Nizam"
    ],
    "notification_type": "rfq",
    "title": "Quotation Fully Approved",
    "message": "Quotation QTN-2026-0002 for RFP-2026-0001 has been fully approved after site meeting.",
    "link": "/erp/quotations/2/",
    "is_read": false,
    "created_at": "2026-07-10T00:59:01.049Z"
  }
},
{
  "model": "notifications.notification",
  "pk": 63,
  "fields": {
    "user": [
      "mr_bux"
    ],
    "notification_type": "rfq",
    "title": "Quotation Fully Approved",
    "message": "Quotation QTN-2026-0002 for RFP-2026-0001 has been fully approved after site meeting.",
    "link": "/erp/quotations/2/",
    "is_read": false,
    "created_at": "2026-07-10T00:59:01.056Z"
  }
},
{
  "model": "notifications.notification",
  "pk": 64,
  "fields": {
    "user": [
      "mr_sakoor"
    ],
    "notification_type": "rfq",
    "title": "Quotation Fully Approved",
    "message": "Quotation QTN-2026-0002 for RFP-2026-0001 has been fully approved after site meeting.",
    "link": "/erp/quotations/2/",
    "is_read": false,
    "created_at": "2026-07-10T00:59:01.062Z"
  }
},
{
  "model": "notifications.notification",
  "pk": 65,
  "fields": {
    "user": [
      "admin"
    ],
    "notification_type": "rfq",
    "title": "Quotation Fully Approved",
    "message": "Quotation QTN-2026-0002 for RFP-2026-0001 has been fully approved after site meeting.",
    "link": "/erp/quotations/2/",
    "is_read": false,
    "created_at": "2026-07-10T01:00:35.580Z"
  }
},
{
  "model": "notifications.notification",
  "pk": 66,
  "fields": {
    "user": [
      "Nizam"
    ],
    "notification_type": "rfq",
    "title": "Quotation Fully Approved",
    "message": "Quotation QTN-2026-0002 for RFP-2026-0001 has been fully approved after site meeting.",
    "link": "/erp/quotations/2/",
    "is_read": false,
    "created_at": "2026-07-10T01:00:35.586Z"
  }
},
{
  "model": "notifications.notification",
  "pk": 67,
  "fields": {
    "user": [
      "mr_bux"
    ],
    "notification_type": "rfq",
    "title": "Quotation Fully Approved",
    "message": "Quotation QTN-2026-0002 for RFP-2026-0001 has been fully approved after site meeting.",
    "link": "/erp/quotations/2/",
    "is_read": false,
    "created_at": "2026-07-10T01:00:35.592Z"
  }
},
{
  "model": "notifications.notification",
  "pk": 68,
  "fields": {
    "user": [
      "mr_sakoor"
    ],
    "notification_type": "rfq",
    "title": "Quotation Fully Approved",
    "message": "Quotation QTN-2026-0002 for RFP-2026-0001 has been fully approved after site meeting.",
    "link": "/erp/quotations/2/",
    "is_read": false,
    "created_at": "2026-07-10T01:00:35.598Z"
  }
},
{
  "model": "notifications.notification",
  "pk": 69,
  "fields": {
    "user": [
      "admin"
    ],
    "notification_type": "rfq",
    "title": "RFQ Published: RFP-2026-0002",
    "message": "Security - Closes: 30 Sep 2026 10:00",
    "link": "/erp/rfqs/2/",
    "is_read": false,
    "created_at": "2026-07-12T02:51:25.056Z"
  }
},
{
  "model": "notifications.notification",
  "pk": 70,
  "fields": {
    "user": [
      "Nizam"
    ],
    "notification_type": "rfq",
    "title": "RFQ Published: RFP-2026-0002",
    "message": "Security - Closes: 30 Sep 2026 10:00",
    "link": "/erp/rfqs/2/",
    "is_read": false,
    "created_at": "2026-07-12T02:51:25.062Z"
  }
},
{
  "model": "notifications.notification",
  "pk": 71,
  "fields": {
    "user": [
      "mr_bux"
    ],
    "notification_type": "rfq",
    "title": "RFQ Published: RFP-2026-0002",
    "message": "Security - Closes: 30 Sep 2026 10:00",
    "link": "/erp/rfqs/2/",
    "is_read": false,
    "created_at": "2026-07-12T02:51:25.068Z"
  }
},
{
  "model": "notifications.notification",
  "pk": 72,
  "fields": {
    "user": [
      "mr_sakoor"
    ],
    "notification_type": "rfq",
    "title": "RFQ Published: RFP-2026-0002",
    "message": "Security - Closes: 30 Sep 2026 10:00",
    "link": "/erp/rfqs/2/",
    "is_read": false,
    "created_at": "2026-07-12T02:51:25.072Z"
  }
},
{
  "model": "notifications.notification",
  "pk": 73,
  "fields": {
    "user": [
      "Saber"
    ],
    "notification_type": "account",
    "title": "Welcome to Al Ansaar Foundation",
    "message": "Your exhibitor account has been created. You can now browse and book stalls.",
    "link": "/dashboard/",
    "is_read": false,
    "created_at": "2026-07-13T20:59:34.564Z"
  }
},
{
  "model": "accounting.journalentry",
  "pk": 9,
  "fields": {
    "entry_number": "INV-202607-0001",
    "date": "2026-07-08",
    "description": "Invoice INV-DC62BD4F - sheez trading",
    "is_posted": true,
    "created_by": null,
    "created_at": "2026-07-08T21:17:26.444Z"
  }
},
{
  "model": "accounting.journalentry",
  "pk": 10,
  "fields": {
    "entry_number": "EXP-202607-0002",
    "date": "2026-07-08",
    "description": "Expense - Build and breakdown of stands",
    "is_posted": true,
    "created_by": [
      "admin"
    ],
    "created_at": "2026-07-08T21:51:00.284Z"
  }
},
{
  "model": "accounting.journalentry",
  "pk": 11,
  "fields": {
    "entry_number": "EPAY-202607-0003",
    "date": "2026-07-08",
    "description": "Expense payment - Build and breakdown of stands",
    "is_posted": true,
    "created_by": [
      "admin"
    ],
    "created_at": "2026-07-08T21:52:16.167Z"
  }
},
{
  "model": "accounting.journalentry",
  "pk": 12,
  "fields": {
    "entry_number": "PAY-202607-0004",
    "date": "2026-07-08",
    "description": "Payment RCT-05CD0078 - INV-DC62BD4F",
    "is_posted": true,
    "created_by": [
      "admin"
    ],
    "created_at": "2026-07-08T22:03:26.991Z"
  }
},
{
  "model": "accounting.journalentry",
  "pk": 13,
  "fields": {
    "entry_number": "INV-202607-0005",
    "date": "2026-07-09",
    "description": "Invoice INV-6FB24EA2 - Steakout",
    "is_posted": true,
    "created_by": null,
    "created_at": "2026-07-09T13:06:21.547Z"
  }
},
{
  "model": "accounting.journalentry",
  "pk": 14,
  "fields": {
    "entry_number": "ACC-202607-0006",
    "date": "2026-07-10",
    "description": "Accepted Quotation QTN-2026-0002 - Durban Cleaning Service",
    "is_posted": true,
    "created_by": [
      "admin"
    ],
    "created_at": "2026-07-10T01:00:32.967Z"
  }
},
{
  "model": "fnb_integration.fnbpaymentrecord",
  "pk": 1,
  "fields": {
    "debtor_account": 2,
    "creditor_account": 3,
    "amount": "1000.00",
    "reference": "inv-00",
    "description": "Water",
    "status": "sent",
    "fnb_response": {
      "instructionId": "E84OOE-E84OOE-payments-jsonv1-4dd180f2-31f7-402c-a3f5-81622ade892f"
    },
    "fnb_request_id": "",
    "expense": null,
    "invoice": null,
    "initiated_by": [
      "admin"
    ],
    "initiated_at": "2026-07-12T02:32:51.631Z",
    "confirmed_at": null
  }
},
{
  "model": "fnb_integration.fnbpaymentrecord",
  "pk": 2,
  "fields": {
    "debtor_account": 2,
    "creditor_account": 4,
    "amount": "2000.00",
    "reference": "inv-009",
    "description": "electricity",
    "status": "sent",
    "fnb_response": {
      "instructionId": "E84OOE-E84OOE-payments-jsonv1-fd9d71b0-fb00-4e27-9170-d9dd076579ee"
    },
    "fnb_request_id": "",
    "expense": null,
    "invoice": null,
    "initiated_by": [
      "admin"
    ],
    "initiated_at": "2026-07-12T02:40:47.383Z",
    "confirmed_at": null
  }
},
{
  "model": "fnb_integration.fnbpaymentrecord",
  "pk": 3,
  "fields": {
    "debtor_account": 2,
    "creditor_account": 3,
    "amount": "1000.00",
    "reference": "inv-010",
    "description": "Ashley",
    "status": "sent",
    "fnb_response": {
      "instructionId": "E84OOE-E84OOE-payments-jsonv1-3740fe35-9fe8-4b31-bd11-aaa98c44a493"
    },
    "fnb_request_id": "",
    "expense": null,
    "invoice": null,
    "initiated_by": [
      "admin"
    ],
    "initiated_at": "2026-07-12T08:40:26.049Z",
    "confirmed_at": null
  }
}
]
