[
{
  "model": "bookings.booking",
  "pk": 19,
  "fields": {
    "booking_reference": "BK-FC5C470E",
    "event": 1,
    "exhibitor": 10,
    "stall": 590,
    "status": "cancelled",
    "payment_status": "unpaid",
    "stall_price": "5000.00",
    "accessories_total": "0.00",
    "electricity_deposit": "0.00",
    "subtotal": "5000.00",
    "vat_amount": "750.00",
    "total_amount": "5750.00",
    "amount_paid": "0.00",
    "balance_due": "5750.00",
    "fascia_name": "SHEEZ TRADING",
    "terms_accepted": false,
    "requires_power": false,
    "power_amps": 0,
    "requires_water": false,
    "require_stand_build": false,
    "require_remove_side_walls": false,
    "side_wall_removal": "none",
    "require_floor_mat": false,
    "require_carpet": false,
    "require_extra_plugs": false,
    "require_extra_lights": false,
    "require_additional_power_amps": 0,
    "stand_build_instructions": "",
    "exhibitor_requirements": "",
    "special_requirements": "",
    "admin_notes": "",
    "stand_build_completed": false,
    "electrical_completed": false,
    "requirements_version": 0,
    "requirements_updated_at": null,
    "booking_date": "2026-07-13T20:21:35.747Z",
    "approved_date": null,
    "confirmed_date": null,
    "payment_due_date": null
  }
},
{
  "model": "bookings.booking",
  "pk": 20,
  "fields": {
    "booking_reference": "BK-E8E28193",
    "event": 1,
    "exhibitor": 10,
    "stall": 591,
    "status": "pending",
    "payment_status": "unpaid",
    "stall_price": "5000.00",
    "accessories_total": "0.00",
    "electricity_deposit": "500.00",
    "subtotal": "5500.00",
    "vat_amount": "825.00",
    "total_amount": "6325.00",
    "amount_paid": "0.00",
    "balance_due": "6325.00",
    "fascia_name": "",
    "terms_accepted": false,
    "requires_power": true,
    "power_amps": 15,
    "requires_water": false,
    "require_stand_build": true,
    "require_remove_side_walls": false,
    "side_wall_removal": "left",
    "require_floor_mat": false,
    "require_carpet": true,
    "require_extra_plugs": true,
    "require_extra_lights": true,
    "require_additional_power_amps": 0,
    "stand_build_instructions": "",
    "exhibitor_requirements": "",
    "special_requirements": "",
    "admin_notes": "",
    "stand_build_completed": false,
    "electrical_completed": false,
    "requirements_version": 0,
    "requirements_updated_at": null,
    "booking_date": "2026-07-13T20:23:41.545Z",
    "approved_date": null,
    "confirmed_date": null,
    "payment_due_date": null
  }
},
{
  "model": "bookings.booking",
  "pk": 21,
  "fields": {
    "booking_reference": "BK-3514A501",
    "event": 1,
    "exhibitor": 23,
    "stall": 642,
    "status": "pending",
    "payment_status": "unpaid",
    "stall_price": "5000.00",
    "accessories_total": "500.00",
    "electricity_deposit": "500.00",
    "subtotal": "6000.00",
    "vat_amount": "900.00",
    "total_amount": "6900.00",
    "amount_paid": "0.00",
    "balance_due": "6900.00",
    "fascia_name": "Saber Cars",
    "terms_accepted": false,
    "requires_power": true,
    "power_amps": 15,
    "requires_water": false,
    "require_stand_build": true,
    "require_remove_side_walls": false,
    "side_wall_removal": "none",
    "require_floor_mat": true,
    "require_carpet": false,
    "require_extra_plugs": true,
    "require_extra_lights": true,
    "require_additional_power_amps": 0,
    "stand_build_instructions": "",
    "exhibitor_requirements": "",
    "special_requirements": "",
    "admin_notes": "",
    "stand_build_completed": false,
    "electrical_completed": false,
    "requirements_version": 0,
    "requirements_updated_at": null,
    "booking_date": "2026-07-13T22:57:57.258Z",
    "approved_date": null,
    "confirmed_date": null,
    "payment_due_date": null
  }
},
{
  "model": "bookings.booking",
  "pk": 22,
  "fields": {
    "booking_reference": "BK-87BEB795",
    "event": 1,
    "exhibitor": 10,
    "stall": 638,
    "status": "pending",
    "payment_status": "unpaid",
    "stall_price": "5000.00",
    "accessories_total": "350.00",
    "electricity_deposit": "500.00",
    "subtotal": "5850.00",
    "vat_amount": "877.50",
    "total_amount": "6727.50",
    "amount_paid": "0.00",
    "balance_due": "6727.50",
    "fascia_name": "SHEEZ TRADING",
    "terms_accepted": false,
    "requires_power": true,
    "power_amps": 15,
    "requires_water": false,
    "require_stand_build": true,
    "require_remove_side_walls": false,
    "side_wall_removal": "both",
    "require_floor_mat": true,
    "require_carpet": true,
    "require_extra_plugs": false,
    "require_extra_lights": false,
    "require_additional_power_amps": 0,
    "stand_build_instructions": "",
    "exhibitor_requirements": "",
    "special_requirements": "",
    "admin_notes": "",
    "stand_build_completed": false,
    "electrical_completed": false,
    "requirements_version": 0,
    "requirements_updated_at": null,
    "booking_date": "2026-07-14T10:08:59.985Z",
    "approved_date": null,
    "confirmed_date": null,
    "payment_due_date": null
  }
},
{
  "model": "bookings.booking",
  "pk": 23,
  "fields": {
    "booking_reference": "BK-07C6A1DF",
    "event": 1,
    "exhibitor": 1,
    "stall": 630,
    "status": "pending",
    "payment_status": "unpaid",
    "stall_price": "5000.00",
    "accessories_total": "1200.00",
    "electricity_deposit": "500.00",
    "subtotal": "6700.00",
    "vat_amount": "1005.00",
    "total_amount": "7705.00",
    "amount_paid": "0.00",
    "balance_due": "7705.00",
    "fascia_name": "David's Tools",
    "terms_accepted": false,
    "requires_power": true,
    "power_amps": 0,
    "requires_water": false,
    "require_stand_build": true,
    "require_remove_side_walls": false,
    "side_wall_removal": "none",
    "require_floor_mat": false,
    "require_carpet": false,
    "require_extra_plugs": false,
    "require_extra_lights": false,
    "require_additional_power_amps": 0,
    "stand_build_instructions": "",
    "exhibitor_requirements": "",
    "special_requirements": "",
    "admin_notes": "",
    "stand_build_completed": false,
    "electrical_completed": false,
    "requirements_version": 0,
    "requirements_updated_at": null,
    "booking_date": "2026-07-14T10:27:36.220Z",
    "approved_date": null,
    "confirmed_date": null,
    "payment_due_date": null
  }
},
{
  "model": "bookings.booking",
  "pk": 24,
  "fields": {
    "booking_reference": "BK-754E1BEE",
    "event": 1,
    "exhibitor": 24,
    "stall": 590,
    "status": "pending",
    "payment_status": "unpaid",
    "stall_price": "5000.00",
    "accessories_total": "1200.00",
    "electricity_deposit": "0.00",
    "subtotal": "6200.00",
    "vat_amount": "930.00",
    "total_amount": "7130.00",
    "amount_paid": "0.00",
    "balance_due": "7130.00",
    "fascia_name": "David Tools",
    "terms_accepted": false,
    "requires_power": false,
    "power_amps": 0,
    "requires_water": false,
    "require_stand_build": false,
    "require_remove_side_walls": false,
    "side_wall_removal": "none",
    "require_floor_mat": false,
    "require_carpet": false,
    "require_extra_plugs": false,
    "require_extra_lights": false,
    "require_additional_power_amps": 0,
    "stand_build_instructions": "",
    "exhibitor_requirements": "",
    "special_requirements": "",
    "admin_notes": "",
    "stand_build_completed": false,
    "electrical_completed": false,
    "requirements_version": 0,
    "requirements_updated_at": null,
    "booking_date": "2026-07-14T10:31:28.446Z",
    "approved_date": null,
    "confirmed_date": null,
    "payment_due_date": null
  }
},
{
  "model": "bookings.booking",
  "pk": 25,
  "fields": {
    "booking_reference": "BK-D09FB7E6",
    "event": 1,
    "exhibitor": 10,
    "stall": 575,
    "status": "pending",
    "payment_status": "unpaid",
    "stall_price": "5000.00",
    "accessories_total": "2000.00",
    "electricity_deposit": "500.00",
    "subtotal": "7500.00",
    "vat_amount": "1125.00",
    "total_amount": "8625.00",
    "amount_paid": "0.00",
    "balance_due": "8625.00",
    "fascia_name": "Shhez Foods",
    "terms_accepted": false,
    "requires_power": true,
    "power_amps": 14,
    "requires_water": false,
    "require_stand_build": true,
    "require_remove_side_walls": false,
    "side_wall_removal": "none",
    "require_floor_mat": false,
    "require_carpet": false,
    "require_extra_plugs": true,
    "require_extra_lights": false,
    "require_additional_power_amps": 0,
    "stand_build_instructions": "",
    "exhibitor_requirements": "",
    "special_requirements": "",
    "admin_notes": "",
    "stand_build_completed": false,
    "electrical_completed": false,
    "requirements_version": 0,
    "requirements_updated_at": null,
    "booking_date": "2026-07-17T20:19:08.924Z",
    "approved_date": null,
    "confirmed_date": null,
    "payment_due_date": null
  }
},
{
  "model": "bookings.booking",
  "pk": 26,
  "fields": {
    "booking_reference": "BK-A70ED727",
    "event": 1,
    "exhibitor": 10,
    "stall": 623,
    "status": "pending",
    "payment_status": "unpaid",
    "stall_price": "5000.00",
    "accessories_total": "75.00",
    "electricity_deposit": "500.00",
    "subtotal": "5575.00",
    "vat_amount": "836.25",
    "total_amount": "6411.25",
    "amount_paid": "0.00",
    "balance_due": "6411.25",
    "fascia_name": "",
    "terms_accepted": false,
    "requires_power": true,
    "power_amps": 0,
    "requires_water": false,
    "require_stand_build": true,
    "require_remove_side_walls": false,
    "side_wall_removal": "none",
    "require_floor_mat": false,
    "require_carpet": false,
    "require_extra_plugs": true,
    "require_extra_lights": false,
    "require_additional_power_amps": 0,
    "stand_build_instructions": "",
    "exhibitor_requirements": "",
    "special_requirements": "",
    "admin_notes": "",
    "stand_build_completed": false,
    "electrical_completed": false,
    "requirements_version": 0,
    "requirements_updated_at": null,
    "booking_date": "2026-07-17T20:34:39.563Z",
    "approved_date": null,
    "confirmed_date": null,
    "payment_due_date": null
  }
},
{
  "model": "bookings.booking",
  "pk": 27,
  "fields": {
    "booking_reference": "BK-025FF8B7",
    "event": 1,
    "exhibitor": 10,
    "stall": 644,
    "status": "pending",
    "payment_status": "unpaid",
    "stall_price": "5000.00",
    "accessories_total": "75.00",
    "electricity_deposit": "500.00",
    "subtotal": "5575.00",
    "vat_amount": "836.25",
    "total_amount": "6411.25",
    "amount_paid": "0.00",
    "balance_due": "6411.25",
    "fascia_name": "",
    "terms_accepted": false,
    "requires_power": true,
    "power_amps": 0,
    "requires_water": true,
    "require_stand_build": false,
    "require_remove_side_walls": false,
    "side_wall_removal": "none",
    "require_floor_mat": false,
    "require_carpet": false,
    "require_extra_plugs": false,
    "require_extra_lights": false,
    "require_additional_power_amps": 0,
    "stand_build_instructions": "",
    "exhibitor_requirements": "",
    "special_requirements": "",
    "admin_notes": "",
    "stand_build_completed": false,
    "electrical_completed": false,
    "requirements_version": 0,
    "requirements_updated_at": null,
    "booking_date": "2026-07-17T21:04:10.545Z",
    "approved_date": null,
    "confirmed_date": null,
    "payment_due_date": null
  }
},
{
  "model": "bookings.booking",
  "pk": 28,
  "fields": {
    "booking_reference": "BK-FBA1458F",
    "event": 1,
    "exhibitor": 10,
    "stall": 633,
    "status": "pending",
    "payment_status": "unpaid",
    "stall_price": "5000.00",
    "accessories_total": "450.00",
    "electricity_deposit": "500.00",
    "subtotal": "5950.00",
    "vat_amount": "892.50",
    "total_amount": "6842.50",
    "amount_paid": "0.00",
    "balance_due": "6842.50",
    "fascia_name": "SHEEZ Footlongs",
    "terms_accepted": false,
    "requires_power": true,
    "power_amps": 0,
    "requires_water": false,
    "require_stand_build": true,
    "require_remove_side_walls": false,
    "side_wall_removal": "none",
    "require_floor_mat": false,
    "require_carpet": false,
    "require_extra_plugs": true,
    "require_extra_lights": false,
    "require_additional_power_amps": 0,
    "stand_build_instructions": "",
    "exhibitor_requirements": "",
    "special_requirements": "",
    "admin_notes": "",
    "stand_build_completed": false,
    "electrical_completed": false,
    "requirements_version": 0,
    "requirements_updated_at": null,
    "booking_date": "2026-07-17T21:11:43.961Z",
    "approved_date": null,
    "confirmed_date": null,
    "payment_due_date": null
  }
},
{
  "model": "bookings.booking",
  "pk": 29,
  "fields": {
    "booking_reference": "BK-370C27A8",
    "event": 1,
    "exhibitor": 10,
    "stall": 635,
    "status": "pending",
    "payment_status": "unpaid",
    "stall_price": "5000.00",
    "accessories_total": "450.00",
    "electricity_deposit": "500.00",
    "subtotal": "5950.00",
    "vat_amount": "892.50",
    "total_amount": "6842.50",
    "amount_paid": "0.00",
    "balance_due": "6842.50",
    "fascia_name": "Sheez test",
    "terms_accepted": false,
    "requires_power": true,
    "power_amps": 0,
    "requires_water": false,
    "require_stand_build": true,
    "require_remove_side_walls": true,
    "side_wall_removal": "none",
    "require_floor_mat": false,
    "require_carpet": false,
    "require_extra_plugs": true,
    "require_extra_lights": false,
    "require_additional_power_amps": 0,
    "stand_build_instructions": "",
    "exhibitor_requirements": "",
    "special_requirements": "",
    "admin_notes": "",
    "stand_build_completed": false,
    "electrical_completed": false,
    "requirements_version": 0,
    "requirements_updated_at": null,
    "booking_date": "2026-07-17T21:20:06.306Z",
    "approved_date": null,
    "confirmed_date": null,
    "payment_due_date": null
  }
},
{
  "model": "bookings.bookingaccessory",
  "pk": 10,
  "fields": {
    "booking": 20,
    "accessory": 1,
    "quantity": 1,
    "price": "350.00"
  }
},
{
  "model": "bookings.bookingaccessory",
  "pk": 11,
  "fields": {
    "booking": 21,
    "accessory": 11,
    "quantity": 1,
    "price": "500.00"
  }
},
{
  "model": "bookings.bookingaccessory",
  "pk": 12,
  "fields": {
    "booking": 22,
    "accessory": 9,
    "quantity": 1,
    "price": "350.00"
  }
},
{
  "model": "bookings.bookingaccessory",
  "pk": 13,
  "fields": {
    "booking": 23,
    "accessory": 7,
    "quantity": 1,
    "price": "1200.00"
  }
},
{
  "model": "bookings.bookingaccessory",
  "pk": 14,
  "fields": {
    "booking": 24,
    "accessory": 7,
    "quantity": 1,
    "price": "1200.00"
  }
},
{
  "model": "bookings.bookingaccessory",
  "pk": 15,
  "fields": {
    "booking": 25,
    "accessory": 3,
    "quantity": 1,
    "price": "1200.00"
  }
},
{
  "model": "bookings.bookingaccessory",
  "pk": 16,
  "fields": {
    "booking": 25,
    "accessory": 12,
    "quantity": 1,
    "price": "800.00"
  }
},
{
  "model": "bookings.bookingaccessory",
  "pk": 17,
  "fields": {
    "booking": 26,
    "accessory": 8,
    "quantity": 1,
    "price": "75.00"
  }
},
{
  "model": "bookings.bookingaccessory",
  "pk": 18,
  "fields": {
    "booking": 27,
    "accessory": 8,
    "quantity": 1,
    "price": "75.00"
  }
},
{
  "model": "bookings.bookingaccessory",
  "pk": 19,
  "fields": {
    "booking": 28,
    "accessory": 4,
    "quantity": 1,
    "price": "450.00"
  }
},
{
  "model": "bookings.bookingaccessory",
  "pk": 20,
  "fields": {
    "booking": 29,
    "accessory": 4,
    "quantity": 1,
    "price": "450.00"
  }
},
{
  "model": "invoices.invoice",
  "pk": 15,
  "fields": {
    "invoice_number": "INV-BK-E8E28193",
    "booking": 20,
    "exhibitor": 10,
    "amount_excl": "5000.00",
    "vat_amount": "750.00",
    "amount_incl": "5750.00",
    "amount_paid": "0.00",
    "balance_due": "5750.00",
    "status": "draft",
    "issue_date": "2026-07-13",
    "due_date": "2026-07-13",
    "paid_date": null,
    "notes": "",
    "pdf_file": "",
    "created_at": "2026-07-13T20:23:41.561Z"
  }
},
{
  "model": "invoices.invoice",
  "pk": 16,
  "fields": {
    "invoice_number": "INV-BK-3514A501",
    "booking": 21,
    "exhibitor": 23,
    "amount_excl": "5000.00",
    "vat_amount": "750.00",
    "amount_incl": "5750.00",
    "amount_paid": "0.00",
    "balance_due": "5750.00",
    "status": "draft",
    "issue_date": "2026-07-14",
    "due_date": "2026-07-14",
    "paid_date": null,
    "notes": "",
    "pdf_file": "",
    "created_at": "2026-07-13T22:57:57.279Z"
  }
},
{
  "model": "invoices.invoice",
  "pk": 17,
  "fields": {
    "invoice_number": "INV-BK-87BEB795",
    "booking": 22,
    "exhibitor": 10,
    "amount_excl": "5850.00",
    "vat_amount": "877.50",
    "amount_incl": "6727.50",
    "amount_paid": "2000.00",
    "balance_due": "4727.50",
    "status": "partial",
    "issue_date": "2026-07-14",
    "due_date": "2026-07-14",
    "paid_date": null,
    "notes": "",
    "pdf_file": "",
    "created_at": "2026-07-14T10:09:00.005Z"
  }
},
{
  "model": "invoices.invoice",
  "pk": 18,
  "fields": {
    "invoice_number": "INV-BK-07C6A1DF",
    "booking": 23,
    "exhibitor": 1,
    "amount_excl": "5000.00",
    "vat_amount": "750.00",
    "amount_incl": "5750.00",
    "amount_paid": "0.00",
    "balance_due": "5750.00",
    "status": "draft",
    "issue_date": "2026-07-14",
    "due_date": "2026-07-14",
    "paid_date": null,
    "notes": "",
    "pdf_file": "",
    "created_at": "2026-07-14T10:27:36.241Z"
  }
},
{
  "model": "invoices.invoice",
  "pk": 19,
  "fields": {
    "invoice_number": "INV-BK-754E1BEE",
    "booking": 24,
    "exhibitor": 24,
    "amount_excl": "6200.00",
    "vat_amount": "930.00",
    "amount_incl": "7130.00",
    "amount_paid": "3000.00",
    "balance_due": "4130.00",
    "status": "partial",
    "issue_date": "2026-07-14",
    "due_date": "2026-07-14",
    "paid_date": null,
    "notes": "",
    "pdf_file": "",
    "created_at": "2026-07-14T10:31:28.464Z"
  }
},
{
  "model": "invoices.invoice",
  "pk": 20,
  "fields": {
    "invoice_number": "INV-BK-D09FB7E6",
    "booking": 25,
    "exhibitor": 10,
    "amount_excl": "7500.00",
    "vat_amount": "1125.00",
    "amount_incl": "8625.00",
    "amount_paid": "5000.00",
    "balance_due": "3625.00",
    "status": "partial",
    "issue_date": "2026-07-17",
    "due_date": "2026-07-17",
    "paid_date": null,
    "notes": "",
    "pdf_file": "",
    "created_at": "2026-07-17T20:19:08.961Z"
  }
},
{
  "model": "invoices.invoice",
  "pk": 21,
  "fields": {
    "invoice_number": "INV-BK-A70ED727",
    "booking": 26,
    "exhibitor": 10,
    "amount_excl": "5575.00",
    "vat_amount": "836.25",
    "amount_incl": "6411.25",
    "amount_paid": "1000.00",
    "balance_due": "5411.25",
    "status": "partial",
    "issue_date": "2026-07-17",
    "due_date": "2026-07-17",
    "paid_date": null,
    "notes": "",
    "pdf_file": "",
    "created_at": "2026-07-17T20:34:39.587Z"
  }
},
{
  "model": "invoices.invoice",
  "pk": 22,
  "fields": {
    "invoice_number": "INV-BK-025FF8B7",
    "booking": 27,
    "exhibitor": 10,
    "amount_excl": "5575.00",
    "vat_amount": "836.25",
    "amount_incl": "6411.25",
    "amount_paid": "0.00",
    "balance_due": "6411.25",
    "status": "draft",
    "issue_date": "2026-07-17",
    "due_date": "2026-07-17",
    "paid_date": null,
    "notes": "",
    "pdf_file": "",
    "created_at": "2026-07-17T21:04:10.567Z"
  }
},
{
  "model": "invoices.invoice",
  "pk": 23,
  "fields": {
    "invoice_number": "INV-BK-FBA1458F",
    "booking": 28,
    "exhibitor": 10,
    "amount_excl": "5950.00",
    "vat_amount": "892.50",
    "amount_incl": "6842.50",
    "amount_paid": "1000.00",
    "balance_due": "5842.50",
    "status": "partial",
    "issue_date": "2026-07-17",
    "due_date": "2026-07-17",
    "paid_date": null,
    "notes": "",
    "pdf_file": "",
    "created_at": "2026-07-17T21:11:43.978Z"
  }
},
{
  "model": "invoices.invoice",
  "pk": 24,
  "fields": {
    "invoice_number": "INV-BK-370C27A8",
    "booking": 29,
    "exhibitor": 10,
    "amount_excl": "5950.00",
    "vat_amount": "892.50",
    "amount_incl": "6842.50",
    "amount_paid": "2000.00",
    "balance_due": "4842.50",
    "status": "partial",
    "issue_date": "2026-07-17",
    "due_date": "2026-07-17",
    "paid_date": null,
    "notes": "",
    "pdf_file": "",
    "created_at": "2026-07-17T21:20:06.322Z"
  }
},
{
  "model": "invoices.payment",
  "pk": 13,
  "fields": {
    "invoice": 17,
    "booking": 22,
    "amount": "2000.00",
    "payment_method": "eft",
    "reference_number": "SHEEZ",
    "proof_of_payment": "proof_of_payment/sasta_2025.pdf",
    "status": "verified",
    "verified_by": 1,
    "verified_at": "2026-07-14T10:13:16.194Z",
    "payment_date": "2026-07-14T10:10:27.264Z",
    "notes": "",
    "receipt_number": "RCT-FBC3F20B"
  }
},
{
  "model": "invoices.payment",
  "pk": 14,
  "fields": {
    "invoice": 19,
    "booking": 24,
    "amount": "3000.00",
    "payment_method": "cash",
    "reference_number": "David's Tools",
    "proof_of_payment": "",
    "status": "verified",
    "verified_by": 1,
    "verified_at": "2026-07-17T21:22:28.763Z",
    "payment_date": "2026-07-16T16:43:40.308Z",
    "notes": "",
    "receipt_number": "RCT-790A737D"
  }
},
{
  "model": "invoices.payment",
  "pk": 15,
  "fields": {
    "invoice": 20,
    "booking": 25,
    "amount": "2000.00",
    "payment_method": "eft",
    "reference_number": "SHEEZ",
    "proof_of_payment": "",
    "status": "verified",
    "verified_by": 1,
    "verified_at": "2026-07-17T20:24:46.864Z",
    "payment_date": "2026-07-17T20:22:24.813Z",
    "notes": "",
    "receipt_number": "RCT-E8E65B54"
  }
},
{
  "model": "invoices.payment",
  "pk": 16,
  "fields": {
    "invoice": 20,
    "booking": 25,
    "amount": "3000.00",
    "payment_method": "eft",
    "reference_number": "Stand 9",
    "proof_of_payment": "",
    "status": "verified",
    "verified_by": 1,
    "verified_at": "2026-07-17T21:22:27.666Z",
    "payment_date": "2026-07-17T20:29:13.255Z",
    "notes": "",
    "receipt_number": "RCT-37F7DDD9"
  }
},
{
  "model": "invoices.payment",
  "pk": 17,
  "fields": {
    "invoice": 21,
    "booking": 26,
    "amount": "1000.00",
    "payment_method": "eft",
    "reference_number": "Stand 30",
    "proof_of_payment": "",
    "status": "verified",
    "verified_by": 1,
    "verified_at": "2026-07-17T21:22:26.631Z",
    "payment_date": "2026-07-17T21:07:28.912Z",
    "notes": "",
    "receipt_number": "RCT-B63A0172"
  }
},
{
  "model": "invoices.payment",
  "pk": 18,
  "fields": {
    "invoice": 23,
    "booking": 28,
    "amount": "1000.00",
    "payment_method": "eft",
    "reference_number": "Stand 40",
    "proof_of_payment": "",
    "status": "verified",
    "verified_by": 1,
    "verified_at": "2026-07-17T21:22:25.298Z",
    "payment_date": "2026-07-17T21:15:54.402Z",
    "notes": "",
    "receipt_number": "RCT-50561AF7"
  }
},
{
  "model": "invoices.payment",
  "pk": 19,
  "fields": {
    "invoice": 24,
    "booking": 29,
    "amount": "2000.00",
    "payment_method": "eft",
    "reference_number": "Stand 42",
    "proof_of_payment": "",
    "status": "verified",
    "verified_by": 1,
    "verified_at": "2026-07-17T21:22:23.235Z",
    "payment_date": "2026-07-17T21:20:57.622Z",
    "notes": "",
    "receipt_number": "RCT-11BAD017"
  }
},
{
  "model": "invoices.payment",
  "pk": 20,
  "fields": {
    "invoice": 24,
    "booking": 29,
    "amount": "1000.00",
    "payment_method": "eft",
    "reference_number": "Stand 42",
    "proof_of_payment": "",
    "status": "pending",
    "verified_by": null,
    "verified_at": null,
    "payment_date": "2026-07-17T21:36:51.155Z",
    "notes": "",
    "receipt_number": ""
  }
},
{
  "model": "invoices.ledgerentry",
  "pk": 15,
  "fields": {
    "exhibitor": 10,
    "booking": 22,
    "entry_type": "payment",
    "description": "Payment received - INV-BK-87BEB795",
    "reference": "RCT-FBC3F20B",
    "debit": "0.00",
    "credit": "2000.00",
    "balance": "3750.00",
    "entry_date": "2026-07-14",
    "created_at": "2026-07-14T10:13:16.222Z"
  }
},
{
  "model": "invoices.ledgerentry",
  "pk": 16,
  "fields": {
    "exhibitor": 10,
    "booking": 25,
    "entry_type": "payment",
    "description": "Payment received - INV-BK-D09FB7E6",
    "reference": "RCT-E8E65B54",
    "debit": "0.00",
    "credit": "2000.00",
    "balance": "6625.00",
    "entry_date": "2026-07-17",
    "created_at": "2026-07-17T20:24:46.901Z"
  }
},
{
  "model": "invoices.ledgerentry",
  "pk": 17,
  "fields": {
    "exhibitor": 10,
    "booking": 29,
    "entry_type": "payment",
    "description": "Payment received - INV-BK-370C27A8",
    "reference": "RCT-11BAD017",
    "debit": "0.00",
    "credit": "2000.00",
    "balance": "4842.50",
    "entry_date": "2026-07-17",
    "created_at": "2026-07-17T21:22:23.268Z"
  }
},
{
  "model": "invoices.ledgerentry",
  "pk": 18,
  "fields": {
    "exhibitor": 10,
    "booking": 28,
    "entry_type": "payment",
    "description": "Payment received - INV-BK-FBA1458F",
    "reference": "RCT-50561AF7",
    "debit": "0.00",
    "credit": "1000.00",
    "balance": "5842.50",
    "entry_date": "2026-07-17",
    "created_at": "2026-07-17T21:22:25.326Z"
  }
},
{
  "model": "invoices.ledgerentry",
  "pk": 19,
  "fields": {
    "exhibitor": 10,
    "booking": 26,
    "entry_type": "payment",
    "description": "Payment received - INV-BK-A70ED727",
    "reference": "RCT-B63A0172",
    "debit": "0.00",
    "credit": "1000.00",
    "balance": "5411.25",
    "entry_date": "2026-07-17",
    "created_at": "2026-07-17T21:22:26.656Z"
  }
},
{
  "model": "invoices.ledgerentry",
  "pk": 20,
  "fields": {
    "exhibitor": 10,
    "booking": 25,
    "entry_type": "payment",
    "description": "Payment received - INV-BK-D09FB7E6",
    "reference": "RCT-37F7DDD9",
    "debit": "0.00",
    "credit": "3000.00",
    "balance": "3625.00",
    "entry_date": "2026-07-17",
    "created_at": "2026-07-17T21:22:27.695Z"
  }
},
{
  "model": "invoices.ledgerentry",
  "pk": 21,
  "fields": {
    "exhibitor": 24,
    "booking": 24,
    "entry_type": "payment",
    "description": "Payment received - INV-BK-754E1BEE",
    "reference": "RCT-790A737D",
    "debit": "0.00",
    "credit": "3000.00",
    "balance": "4130.00",
    "entry_date": "2026-07-17",
    "created_at": "2026-07-17T21:22:28.791Z"
  }
},
{
  "model": "invoices.receipt",
  "pk": 9,
  "fields": {
    "receipt_number": "RCT-FBC3F20B",
    "payment": 13,
    "exhibitor": 10,
    "amount": "2000.00",
    "payment_method": "eft",
    "reference_number": "SHEEZ",
    "issue_date": "2026-07-14",
    "notes": "",
    "pdf_file": "",
    "created_at": "2026-07-14T10:13:16.214Z"
  }
},
{
  "model": "invoices.receipt",
  "pk": 10,
  "fields": {
    "receipt_number": "RCT-E8E65B54",
    "payment": 15,
    "exhibitor": 10,
    "amount": "2000.00",
    "payment_method": "eft",
    "reference_number": "SHEEZ",
    "issue_date": "2026-07-17",
    "notes": "",
    "pdf_file": "",
    "created_at": "2026-07-17T20:24:46.892Z"
  }
},
{
  "model": "invoices.receipt",
  "pk": 11,
  "fields": {
    "receipt_number": "RCT-11BAD017",
    "payment": 19,
    "exhibitor": 10,
    "amount": "2000.00",
    "payment_method": "eft",
    "reference_number": "Stand 42",
    "issue_date": "2026-07-17",
    "notes": "",
    "pdf_file": "",
    "created_at": "2026-07-17T21:22:23.261Z"
  }
},
{
  "model": "invoices.receipt",
  "pk": 12,
  "fields": {
    "receipt_number": "RCT-50561AF7",
    "payment": 18,
    "exhibitor": 10,
    "amount": "1000.00",
    "payment_method": "eft",
    "reference_number": "Stand 40",
    "issue_date": "2026-07-17",
    "notes": "",
    "pdf_file": "",
    "created_at": "2026-07-17T21:22:25.320Z"
  }
},
{
  "model": "invoices.receipt",
  "pk": 13,
  "fields": {
    "receipt_number": "RCT-B63A0172",
    "payment": 17,
    "exhibitor": 10,
    "amount": "1000.00",
    "payment_method": "eft",
    "reference_number": "Stand 30",
    "issue_date": "2026-07-17",
    "notes": "",
    "pdf_file": "",
    "created_at": "2026-07-17T21:22:26.651Z"
  }
},
{
  "model": "invoices.receipt",
  "pk": 14,
  "fields": {
    "receipt_number": "RCT-37F7DDD9",
    "payment": 16,
    "exhibitor": 10,
    "amount": "3000.00",
    "payment_method": "eft",
    "reference_number": "Stand 9",
    "issue_date": "2026-07-17",
    "notes": "",
    "pdf_file": "",
    "created_at": "2026-07-17T21:22:27.689Z"
  }
},
{
  "model": "invoices.receipt",
  "pk": 15,
  "fields": {
    "receipt_number": "RCT-790A737D",
    "payment": 14,
    "exhibitor": 24,
    "amount": "3000.00",
    "payment_method": "cash",
    "reference_number": "David's Tools",
    "issue_date": "2026-07-17",
    "notes": "",
    "pdf_file": "",
    "created_at": "2026-07-17T21:22:28.784Z"
  }
},
{
  "model": "events.venue",
  "pk": 1,
  "fields": {
    "name": "Durban International Convention Centre (DICC)",
    "address": "45 Bram Fischer Road, Durban, 4001",
    "city": "Durban",
    "province": "KwaZulu-Natal",
    "width_meters": "80.00",
    "length_meters": "50.00",
    "is_active": true
  }
},
{
  "model": "events.venue",
  "pk": 2,
  "fields": {
    "name": "Durban Exhibition Centre (DEC)",
    "address": "11 Walnut Road, Durban, 4001",
    "city": "Durban",
    "province": "KwaZulu-Natal",
    "width_meters": "120.00",
    "length_meters": "80.00",
    "is_active": true
  }
},
{
  "model": "events.event",
  "pk": 1,
  "fields": {
    "name": "Durban Summer Souk 2026",
    "description": "The premier shopping festival of Durban featuring local artisans, food vendors, and retail exhibitors.",
    "venue": 2,
    "start_date": "2026-12-01",
    "end_date": "2026-12-31",
    "status": "published",
    "organizer_name": "",
    "organizer_email": "",
    "organizer_phone": "",
    "website": "",
    "logo": "",
    "is_public": true,
    "booking_open": true,
    "max_stalls_per_exhibitor": 3,
    "created_at": "2026-07-07T16:58:26.491Z",
    "updated_at": "2026-07-13T12:15:24.701Z"
  }
},
{
  "model": "events.floorplan",
  "pk": 1,
  "fields": {
    "event": 1,
    "image": "floor_plans/dec_floor_plan_bEPbHhk.svg",
    "original_width": 2100,
    "original_height": 2970,
    "scale_factor": 20.0,
    "hall_width_meters": "21.00",
    "hall_height_meters": "29.00",
    "walkway_width_meters": "3.00",
    "calibration_x1": 0.0,
    "calibration_y1": 0.0,
    "calibration_x2": 0.0,
    "calibration_y2": 0.0,
    "calibration_distance_meters": 0.0,
    "walkways_json": "[{\"x\": 377000, \"y\": 490000, \"w\": 6000, \"h\": 2000}, {\"x\": 380000, \"y\": 490000, \"w\": 6000, \"h\": 2000}, {\"x\": 378000, \"y\": 490000, \"w\": 6000, \"h\": 2000}, {\"x\": 378000, \"y\": 490000, \"w\": 6000, \"h\": 2000}, {\"x\": 378000, \"y\": 492000, \"w\": 6000, \"h\": 2000}, {\"x\": 379000, \"y\": 504000, \"w\": 6000, \"h\": 2000}, {\"x\": 430000, \"y\": 464000, \"w\": 6000, \"h\": 2000}, {\"x\": 426000, \"y\": 461000, \"w\": 6000, \"h\": 2000}, {\"x\": 418000, \"y\": 454000, \"w\": 6000, \"h\": 2000}]",
    "exit_markers_json": "[]",
    "grid_spacing_px": 20,
    "snap_to_grid_px": 20,
    "notes": "",
    "uploaded_at": "2026-07-07T20:28:35.850Z"
  }
},
{
  "model": "events.zone",
  "pk": 1,
  "fields": {
    "event": 1,
    "name": "Main Exhibition Hall",
    "zone_type": "exhibition",
    "color": "#5B2C6F",
    "is_bookable": true
  }
},
{
  "model": "events.zone",
  "pk": 2,
  "fields": {
    "event": 1,
    "name": "Food Court",
    "zone_type": "food",
    "color": "#c2185b",
    "is_bookable": true
  }
},
{
  "model": "events.zone",
  "pk": 3,
  "fields": {
    "event": 1,
    "name": "Aisle A",
    "zone_type": "aisle",
    "color": "#95a5a6",
    "is_bookable": false
  }
},
{
  "model": "events.zone",
  "pk": 4,
  "fields": {
    "event": 1,
    "name": "Aisle B",
    "zone_type": "aisle",
    "color": "#95a5a6",
    "is_bookable": false
  }
},
{
  "model": "events.zone",
  "pk": 5,
  "fields": {
    "event": 1,
    "name": "Entrance Area",
    "zone_type": "entrance",
    "color": "#2ecc71",
    "is_bookable": false
  }
},
{
  "model": "events.zone",
  "pk": 6,
  "fields": {
    "event": 1,
    "name": "Fashion Row",
    "zone_type": "exhibition",
    "color": "#e65100",
    "is_bookable": true
  }
},
{
  "model": "events.zone",
  "pk": 7,
  "fields": {
    "event": 1,
    "name": "Coast of Dreams",
    "zone_type": "exhibition",
    "color": "#00838f",
    "is_bookable": true
  }
},
{
  "model": "events.zone",
  "pk": 8,
  "fields": {
    "event": 1,
    "name": "Entertainment",
    "zone_type": "entertainment",
    "color": "#7b1fa2",
    "is_bookable": true
  }
},
{
  "model": "events.zone",
  "pk": 9,
  "fields": {
    "event": 1,
    "name": "Outdoor",
    "zone_type": "exhibition",
    "color": "#9e9e9e",
    "is_bookable": true
  }
},
{
  "model": "events.zone",
  "pk": 10,
  "fields": {
    "event": 1,
    "name": "Hall 1",
    "zone_type": "exhibition",
    "color": "#5B2C6F",
    "is_bookable": true
  }
},
{
  "model": "events.zone",
  "pk": 11,
  "fields": {
    "event": 1,
    "name": "Hall 2 West",
    "zone_type": "exhibition",
    "color": "#7B3F95",
    "is_bookable": true
  }
},
{
  "model": "events.zone",
  "pk": 12,
  "fields": {
    "event": 1,
    "name": "Hall 2 Central",
    "zone_type": "exhibition",
    "color": "#6C3483",
    "is_bookable": true
  }
},
{
  "model": "events.zone",
  "pk": 13,
  "fields": {
    "event": 1,
    "name": "Hall 2 East",
    "zone_type": "exhibition",
    "color": "#8E44AD",
    "is_bookable": true
  }
},
{
  "model": "events.zone",
  "pk": 14,
  "fields": {
    "event": 1,
    "name": "Mystrals",
    "zone_type": "exhibition",
    "color": "#e74c3c",
    "is_bookable": true
  }
},
{
  "model": "events.zone",
  "pk": 15,
  "fields": {
    "event": 1,
    "name": "Hall 6A",
    "zone_type": "exhibition",
    "color": "#2980b9",
    "is_bookable": true
  }
},
{
  "model": "events.zone",
  "pk": 16,
  "fields": {
    "event": 1,
    "name": "Hall 6B",
    "zone_type": "exhibition",
    "color": "#3498db",
    "is_bookable": true
  }
},
{
  "model": "events.zone",
  "pk": 17,
  "fields": {
    "event": 1,
    "name": "Outdoor Gardens",
    "zone_type": "exhibition",
    "color": "#27ae60",
    "is_bookable": true
  }
},
{
  "model": "events.zone",
  "pk": 18,
  "fields": {
    "event": 1,
    "name": "North Plaza",
    "zone_type": "entrance",
    "color": "#7f8c8d",
    "is_bookable": false
  }
},
{
  "model": "events.zone",
  "pk": 19,
  "fields": {
    "event": 1,
    "name": "South Plaza",
    "zone_type": "entrance",
    "color": "#7f8c8d",
    "is_bookable": false
  }
},
{
  "model": "events.zone",
  "pk": 20,
  "fields": {
    "event": 1,
    "name": "Exhibition Centre",
    "zone_type": "exhibition",
    "color": "#34495e",
    "is_bookable": true
  }
},
{
  "model": "events.zone",
  "pk": 21,
  "fields": {
    "event": 1,
    "name": "Parking",
    "zone_type": "parking",
    "color": "#95a5a6",
    "is_bookable": false
  }
},
{
  "model": "events.stall",
  "pk": 567,
  "fields": {
    "event": 1,
    "zone": 3,
    "name": "Stand 1",
    "stall_prefix": "Stand",
    "position_x": 413000,
    "position_y": 506000,
    "width": 3000,
    "height": 3000,
    "size_sqm": "9.00",
    "base_price": "5000.00",
    "corner_premium": "0.00",
    "status": "available",
    "has_water": false,
    "has_wifi": false,
    "is_corner": false,
    "is_near_entrance": false,
    "is_accessible": false,
    "entrance_premium": "0.00",
    "max_electricity_amps": 15,
    "num_tables": 1,
    "num_chairs": 2,
    "electrical_instructions": "",
    "build_instructions": "",
    "created_at": "2026-07-13T18:44:44.564Z"
  }
},
{
  "model": "events.stall",
  "pk": 568,
  "fields": {
    "event": 1,
    "zone": 3,
    "name": "Stand 2",
    "stall_prefix": "Stand",
    "position_x": 410000,
    "position_y": 506000,
    "width": 3000,
    "height": 3000,
    "size_sqm": "9.00",
    "base_price": "5000.00",
    "corner_premium": "0.00",
    "status": "available",
    "has_water": false,
    "has_wifi": false,
    "is_corner": false,
    "is_near_entrance": false,
    "is_accessible": false,
    "entrance_premium": "0.00",
    "max_electricity_amps": 15,
    "num_tables": 1,
    "num_chairs": 2,
    "electrical_instructions": "",
    "build_instructions": "",
    "created_at": "2026-07-13T18:44:44.573Z"
  }
},
{
  "model": "events.stall",
  "pk": 569,
  "fields": {
    "event": 1,
    "zone": 3,
    "name": "Stand 3",
    "stall_prefix": "Stand",
    "position_x": 3000,
    "position_y": 3000,
    "width": 3000,
    "height": 3000,
    "size_sqm": "9.00",
    "base_price": "5000.00",
    "corner_premium": "0.00",
    "status": "available",
    "has_water": false,
    "has_wifi": false,
    "is_corner": false,
    "is_near_entrance": false,
    "is_accessible": false,
    "entrance_premium": "0.00",
    "max_electricity_amps": 15,
    "num_tables": 1,
    "num_chairs": 2,
    "electrical_instructions": "",
    "build_instructions": "",
    "created_at": "2026-07-13T18:44:44.580Z"
  }
},
{
  "model": "events.stall",
  "pk": 570,
  "fields": {
    "event": 1,
    "zone": 3,
    "name": "Stand 4",
    "stall_prefix": "Stand",
    "position_x": 407000,
    "position_y": 506000,
    "width": 3000,
    "height": 3000,
    "size_sqm": "9.00",
    "base_price": "5000.00",
    "corner_premium": "0.00",
    "status": "available",
    "has_water": false,
    "has_wifi": false,
    "is_corner": false,
    "is_near_entrance": false,
    "is_accessible": false,
    "entrance_premium": "0.00",
    "max_electricity_amps": 15,
    "num_tables": 1,
    "num_chairs": 2,
    "electrical_instructions": "",
    "build_instructions": "",
    "created_at": "2026-07-13T18:44:44.586Z"
  }
},
{
  "model": "events.stall",
  "pk": 571,
  "fields": {
    "event": 1,
    "zone": 3,
    "name": "Stand 5",
    "stall_prefix": "Stand",
    "position_x": 404000,
    "position_y": 506000,
    "width": 3000,
    "height": 3000,
    "size_sqm": "9.00",
    "base_price": "5000.00",
    "corner_premium": "0.00",
    "status": "available",
    "has_water": false,
    "has_wifi": false,
    "is_corner": false,
    "is_near_entrance": false,
    "is_accessible": false,
    "entrance_premium": "0.00",
    "max_electricity_amps": 15,
    "num_tables": 1,
    "num_chairs": 2,
    "electrical_instructions": "",
    "build_instructions": "",
    "created_at": "2026-07-13T18:44:44.593Z"
  }
},
{
  "model": "events.stall",
  "pk": 572,
  "fields": {
    "event": 1,
    "zone": 3,
    "name": "Stand 6",
    "stall_prefix": "Stand",
    "position_x": 394000,
    "position_y": 506000,
    "width": 3000,
    "height": 3000,
    "size_sqm": "9.00",
    "base_price": "5000.00",
    "corner_premium": "0.00",
    "status": "available",
    "has_water": false,
    "has_wifi": false,
    "is_corner": false,
    "is_near_entrance": false,
    "is_accessible": false,
    "entrance_premium": "0.00",
    "max_electricity_amps": 15,
    "num_tables": 1,
    "num_chairs": 2,
    "electrical_instructions": "",
    "build_instructions": "",
    "created_at": "2026-07-13T18:44:44.602Z"
  }
},
{
  "model": "events.stall",
  "pk": 573,
  "fields": {
    "event": 1,
    "zone": 3,
    "name": "Stand 7",
    "stall_prefix": "Stand",
    "position_x": 3000,
    "position_y": 3000,
    "width": 3000,
    "height": 3000,
    "size_sqm": "9.00",
    "base_price": "5000.00",
    "corner_premium": "0.00",
    "status": "available",
    "has_water": false,
    "has_wifi": false,
    "is_corner": false,
    "is_near_entrance": false,
    "is_accessible": false,
    "entrance_premium": "0.00",
    "max_electricity_amps": 15,
    "num_tables": 1,
    "num_chairs": 2,
    "electrical_instructions": "",
    "build_instructions": "",
    "created_at": "2026-07-13T18:44:44.609Z"
  }
},
{
  "model": "events.stall",
  "pk": 574,
  "fields": {
    "event": 1,
    "zone": 3,
    "name": "Stand 8",
    "stall_prefix": "Stand",
    "position_x": 391000,
    "position_y": 506000,
    "width": 3000,
    "height": 3000,
    "size_sqm": "9.00",
    "base_price": "5000.00",
    "corner_premium": "0.00",
    "status": "available",
    "has_water": false,
    "has_wifi": false,
    "is_corner": false,
    "is_near_entrance": false,
    "is_accessible": false,
    "entrance_premium": "0.00",
    "max_electricity_amps": 15,
    "num_tables": 1,
    "num_chairs": 2,
    "electrical_instructions": "",
    "build_instructions": "",
    "created_at": "2026-07-13T18:44:44.617Z"
  }
},
{
  "model": "events.stall",
  "pk": 575,
  "fields": {
    "event": 1,
    "zone": 3,
    "name": "Stand 9",
    "stall_prefix": "Stand",
    "position_x": 388000,
    "position_y": 506000,
    "width": 3000,
    "height": 3000,
    "size_sqm": "9.00",
    "base_price": "5000.00",
    "corner_premium": "0.00",
    "status": "reserved",
    "has_water": false,
    "has_wifi": false,
    "is_corner": false,
    "is_near_entrance": false,
    "is_accessible": false,
    "entrance_premium": "0.00",
    "max_electricity_amps": 15,
    "num_tables": 1,
    "num_chairs": 2,
    "electrical_instructions": "",
    "build_instructions": "",
    "created_at": "2026-07-13T18:44:44.624Z"
  }
},
{
  "model": "events.stall",
  "pk": 576,
  "fields": {
    "event": 1,
    "zone": 3,
    "name": "Stand 10",
    "stall_prefix": "Stand",
    "position_x": 385000,
    "position_y": 506000,
    "width": 3000,
    "height": 3000,
    "size_sqm": "9.00",
    "base_price": "5000.00",
    "corner_premium": "0.00",
    "status": "available",
    "has_water": false,
    "has_wifi": false,
    "is_corner": false,
    "is_near_entrance": false,
    "is_accessible": false,
    "entrance_premium": "0.00",
    "max_electricity_amps": 15,
    "num_tables": 1,
    "num_chairs": 2,
    "electrical_instructions": "",
    "build_instructions": "",
    "created_at": "2026-07-13T18:44:44.631Z"
  }
},
{
  "model": "events.stall",
  "pk": 577,
  "fields": {
    "event": 1,
    "zone": 3,
    "name": "Stand 11",
    "stall_prefix": "Stand",
    "position_x": 382000,
    "position_y": 506000,
    "width": 3000,
    "height": 3000,
    "size_sqm": "9.00",
    "base_price": "5000.00",
    "corner_premium": "0.00",
    "status": "available",
    "has_water": false,
    "has_wifi": false,
    "is_corner": false,
    "is_near_entrance": false,
    "is_accessible": false,
    "entrance_premium": "0.00",
    "max_electricity_amps": 15,
    "num_tables": 1,
    "num_chairs": 2,
    "electrical_instructions": "",
    "build_instructions": "",
    "created_at": "2026-07-13T18:44:44.639Z"
  }
},
{
  "model": "events.stall",
  "pk": 578,
  "fields": {
    "event": 1,
    "zone": 3,
    "name": "Stand 12",
    "stall_prefix": "Stand",
    "position_x": 377000,
    "position_y": 506000,
    "width": 3000,
    "height": 3000,
    "size_sqm": "9.00",
    "base_price": "5000.00",
    "corner_premium": "0.00",
    "status": "available",
    "has_water": false,
    "has_wifi": false,
    "is_corner": false,
    "is_near_entrance": false,
    "is_accessible": false,
    "entrance_premium": "0.00",
    "max_electricity_amps": 15,
    "num_tables": 1,
    "num_chairs": 2,
    "electrical_instructions": "",
    "build_instructions": "",
    "created_at": "2026-07-13T18:44:44.646Z"
  }
},
{
  "model": "events.stall",
  "pk": 579,
  "fields": {
    "event": 1,
    "zone": 3,
    "name": "Stand 13",
    "stall_prefix": "Stand",
    "position_x": 374000,
    "position_y": 506000,
    "width": 3000,
    "height": 3000,
    "size_sqm": "9.00",
    "base_price": "5000.00",
    "corner_premium": "0.00",
    "status": "available",
    "has_water": false,
    "has_wifi": false,
    "is_corner": false,
    "is_near_entrance": false,
    "is_accessible": false,
    "entrance_premium": "0.00",
    "max_electricity_amps": 15,
    "num_tables": 1,
    "num_chairs": 2,
    "electrical_instructions": "",
    "build_instructions": "",
    "created_at": "2026-07-13T18:44:44.653Z"
  }
},
{
  "model": "events.stall",
  "pk": 580,
  "fields": {
    "event": 1,
    "zone": 3,
    "name": "Stand 14",
    "stall_prefix": "Stand",
    "position_x": 413000,
    "position_y": 501000,
    "width": 3000,
    "height": 3000,
    "size_sqm": "9.00",
    "base_price": "5000.00",
    "corner_premium": "0.00",
    "status": "available",
    "has_water": false,
    "has_wifi": false,
    "is_corner": false,
    "is_near_entrance": false,
    "is_accessible": false,
    "entrance_premium": "0.00",
    "max_electricity_amps": 15,
    "num_tables": 1,
    "num_chairs": 2,
    "electrical_instructions": "",
    "build_instructions": "",
    "created_at": "2026-07-13T18:44:44.661Z"
  }
},
{
  "model": "events.stall",
  "pk": 581,
  "fields": {
    "event": 1,
    "zone": 3,
    "name": "Stand 15",
    "stall_prefix": "Stand",
    "position_x": 413000,
    "position_y": 498000,
    "width": 3000,
    "height": 3000,
    "size_sqm": "9.00",
    "base_price": "5000.00",
    "corner_premium": "0.00",
    "status": "available",
    "has_water": false,
    "has_wifi": false,
    "is_corner": false,
    "is_near_entrance": false,
    "is_accessible": false,
    "entrance_premium": "0.00",
    "max_electricity_amps": 15,
    "num_tables": 1,
    "num_chairs": 2,
    "electrical_instructions": "",
    "build_instructions": "",
    "created_at": "2026-07-13T18:44:44.668Z"
  }
},
{
  "model": "events.stall",
  "pk": 582,
  "fields": {
    "event": 1,
    "zone": 3,
    "name": "Stand 16",
    "stall_prefix": "Stand",
    "position_x": 410000,
    "position_y": 498000,
    "width": 3000,
    "height": 3000,
    "size_sqm": "9.00",
    "base_price": "5000.00",
    "corner_premium": "0.00",
    "status": "available",
    "has_water": false,
    "has_wifi": false,
    "is_corner": false,
    "is_near_entrance": false,
    "is_accessible": false,
    "entrance_premium": "0.00",
    "max_electricity_amps": 15,
    "num_tables": 1,
    "num_chairs": 2,
    "electrical_instructions": "",
    "build_instructions": "",
    "created_at": "2026-07-13T18:44:44.675Z"
  }
},
{
  "model": "events.stall",
  "pk": 583,
  "fields": {
    "event": 1,
    "zone": 3,
    "name": "Stand 17",
    "stall_prefix": "Stand",
    "position_x": 410000,
    "position_y": 501000,
    "width": 3000,
    "height": 3000,
    "size_sqm": "9.00",
    "base_price": "5000.00",
    "corner_premium": "0.00",
    "status": "available",
    "has_water": false,
    "has_wifi": false,
    "is_corner": false,
    "is_near_entrance": false,
    "is_accessible": false,
    "entrance_premium": "0.00",
    "max_electricity_amps": 15,
    "num_tables": 1,
    "num_chairs": 2,
    "electrical_instructions": "",
    "build_instructions": "",
    "created_at": "2026-07-13T18:44:44.684Z"
  }
},
{
  "model": "events.stall",
  "pk": 584,
  "fields": {
    "event": 1,
    "zone": 3,
    "name": "Stand 18",
    "stall_prefix": "Stand",
    "position_x": 413000,
    "position_y": 493000,
    "width": 3000,
    "height": 3000,
    "size_sqm": "9.00",
    "base_price": "5000.00",
    "corner_premium": "0.00",
    "status": "available",
    "has_water": false,
    "has_wifi": false,
    "is_corner": false,
    "is_near_entrance": false,
    "is_accessible": false,
    "entrance_premium": "0.00",
    "max_electricity_amps": 15,
    "num_tables": 1,
    "num_chairs": 2,
    "electrical_instructions": "",
    "build_instructions": "",
    "created_at": "2026-07-13T18:44:44.691Z"
  }
},
{
  "model": "events.stall",
  "pk": 585,
  "fields": {
    "event": 1,
    "zone": 3,
    "name": "Stand 19",
    "stall_prefix": "Stand",
    "position_x": 410000,
    "position_y": 493000,
    "width": 3000,
    "height": 3000,
    "size_sqm": "9.00",
    "base_price": "5000.00",
    "corner_premium": "0.00",
    "status": "available",
    "has_water": false,
    "has_wifi": false,
    "is_corner": false,
    "is_near_entrance": false,
    "is_accessible": false,
    "entrance_premium": "0.00",
    "max_electricity_amps": 15,
    "num_tables": 1,
    "num_chairs": 2,
    "electrical_instructions": "",
    "build_instructions": "",
    "created_at": "2026-07-13T18:44:44.699Z"
  }
},
{
  "model": "events.stall",
  "pk": 586,
  "fields": {
    "event": 1,
    "zone": 3,
    "name": "Stand 20",
    "stall_prefix": "Stand",
    "position_x": 413000,
    "position_y": 490000,
    "width": 3000,
    "height": 3000,
    "size_sqm": "9.00",
    "base_price": "5000.00",
    "corner_premium": "0.00",
    "status": "available",
    "has_water": false,
    "has_wifi": false,
    "is_corner": false,
    "is_near_entrance": false,
    "is_accessible": false,
    "entrance_premium": "0.00",
    "max_electricity_amps": 15,
    "num_tables": 1,
    "num_chairs": 2,
    "electrical_instructions": "",
    "build_instructions": "",
    "created_at": "2026-07-13T18:44:44.705Z"
  }
},
{
  "model": "events.stall",
  "pk": 587,
  "fields": {
    "event": 1,
    "zone": 3,
    "name": "Stand 21",
    "stall_prefix": "Stand",
    "position_x": 410000,
    "position_y": 490000,
    "width": 3000,
    "height": 3000,
    "size_sqm": "9.00",
    "base_price": "5000.00",
    "corner_premium": "0.00",
    "status": "available",
    "has_water": false,
    "has_wifi": false,
    "is_corner": false,
    "is_near_entrance": false,
    "is_accessible": false,
    "entrance_premium": "0.00",
    "max_electricity_amps": 15,
    "num_tables": 1,
    "num_chairs": 2,
    "electrical_instructions": "",
    "build_instructions": "",
    "created_at": "2026-07-13T18:44:44.712Z"
  }
},
{
  "model": "events.stall",
  "pk": 588,
  "fields": {
    "event": 1,
    "zone": 3,
    "name": "Stand 22",
    "stall_prefix": "Stand",
    "position_x": 405000,
    "position_y": 493000,
    "width": 3000,
    "height": 3000,
    "size_sqm": "9.00",
    "base_price": "5000.00",
    "corner_premium": "0.00",
    "status": "available",
    "has_water": false,
    "has_wifi": false,
    "is_corner": false,
    "is_near_entrance": false,
    "is_accessible": false,
    "entrance_premium": "0.00",
    "max_electricity_amps": 15,
    "num_tables": 1,
    "num_chairs": 2,
    "electrical_instructions": "",
    "build_instructions": "",
    "created_at": "2026-07-13T18:44:44.720Z"
  }
},
{
  "model": "events.stall",
  "pk": 589,
  "fields": {
    "event": 1,
    "zone": 3,
    "name": "Stand 23",
    "stall_prefix": "Stand",
    "position_x": 402000,
    "position_y": 493000,
    "width": 3000,
    "height": 3000,
    "size_sqm": "9.00",
    "base_price": "5000.00",
    "corner_premium": "0.00",
    "status": "available",
    "has_water": false,
    "has_wifi": false,
    "is_corner": false,
    "is_near_entrance": false,
    "is_accessible": false,
    "entrance_premium": "0.00",
    "max_electricity_amps": 15,
    "num_tables": 1,
    "num_chairs": 2,
    "electrical_instructions": "",
    "build_instructions": "",
    "created_at": "2026-07-13T18:44:44.727Z"
  }
},
{
  "model": "events.stall",
  "pk": 590,
  "fields": {
    "event": 1,
    "zone": 3,
    "name": "Stand 24",
    "stall_prefix": "Stand",
    "position_x": 405000,
    "position_y": 490000,
    "width": 3000,
    "height": 3000,
    "size_sqm": "9.00",
    "base_price": "5000.00",
    "corner_premium": "0.00",
    "status": "reserved",
    "has_water": false,
    "has_wifi": false,
    "is_corner": false,
    "is_near_entrance": false,
    "is_accessible": false,
    "entrance_premium": "0.00",
    "max_electricity_amps": 15,
    "num_tables": 1,
    "num_chairs": 2,
    "electrical_instructions": "",
    "build_instructions": "",
    "created_at": "2026-07-13T18:44:44.734Z"
  }
},
{
  "model": "events.stall",
  "pk": 591,
  "fields": {
    "event": 1,
    "zone": 3,
    "name": "Stand 25",
    "stall_prefix": "Stand",
    "position_x": 402000,
    "position_y": 490000,
    "width": 3000,
    "height": 3000,
    "size_sqm": "9.00",
    "base_price": "5000.00",
    "corner_premium": "0.00",
    "status": "reserved",
    "has_water": false,
    "has_wifi": false,
    "is_corner": false,
    "is_near_entrance": false,
    "is_accessible": false,
    "entrance_premium": "0.00",
    "max_electricity_amps": 15,
    "num_tables": 1,
    "num_chairs": 2,
    "electrical_instructions": "",
    "build_instructions": "",
    "created_at": "2026-07-13T18:44:44.740Z"
  }
},
{
  "model": "events.stall",
  "pk": 592,
  "fields": {
    "event": 1,
    "zone": 3,
    "name": "Stand 26",
    "stall_prefix": "Stand",
    "position_x": 399000,
    "position_y": 490000,
    "width": 3000,
    "height": 3000,
    "size_sqm": "9.00",
    "base_price": "5000.00",
    "corner_premium": "0.00",
    "status": "available",
    "has_water": false,
    "has_wifi": false,
    "is_corner": false,
    "is_near_entrance": false,
    "is_accessible": false,
    "entrance_premium": "0.00",
    "max_electricity_amps": 15,
    "num_tables": 1,
    "num_chairs": 2,
    "electrical_instructions": "",
    "build_instructions": "",
    "created_at": "2026-07-13T18:44:44.749Z"
  }
},
{
  "model": "events.stall",
  "pk": 593,
  "fields": {
    "event": 1,
    "zone": 3,
    "name": "Stand 27",
    "stall_prefix": "Stand",
    "position_x": 399000,
    "position_y": 493000,
    "width": 3000,
    "height": 3000,
    "size_sqm": "9.00",
    "base_price": "5000.00",
    "corner_premium": "0.00",
    "status": "available",
    "has_water": false,
    "has_wifi": false,
    "is_corner": false,
    "is_near_entrance": false,
    "is_accessible": false,
    "entrance_premium": "0.00",
    "max_electricity_amps": 15,
    "num_tables": 1,
    "num_chairs": 2,
    "electrical_instructions": "",
    "build_instructions": "",
    "created_at": "2026-07-13T18:44:44.755Z"
  }
},
{
  "model": "events.stall",
  "pk": 621,
  "fields": {
    "event": 1,
    "zone": 3,
    "name": "Stand 28",
    "stall_prefix": "Stand",
    "position_x": 405000,
    "position_y": 498000,
    "width": 3000,
    "height": 3000,
    "size_sqm": "9.00",
    "base_price": "5000.00",
    "corner_premium": "0.00",
    "status": "available",
    "has_water": false,
    "has_wifi": false,
    "is_corner": false,
    "is_near_entrance": false,
    "is_accessible": false,
    "entrance_premium": "0.00",
    "max_electricity_amps": 15,
    "num_tables": 1,
    "num_chairs": 2,
    "electrical_instructions": "",
    "build_instructions": "",
    "created_at": "2026-07-13T18:53:23.961Z"
  }
},
{
  "model": "events.stall",
  "pk": 622,
  "fields": {
    "event": 1,
    "zone": 3,
    "name": "Stand 29",
    "stall_prefix": "Stand",
    "position_x": 402000,
    "position_y": 498000,
    "width": 3000,
    "height": 3000,
    "size_sqm": "9.00",
    "base_price": "5000.00",
    "corner_premium": "0.00",
    "status": "available",
    "has_water": false,
    "has_wifi": false,
    "is_corner": false,
    "is_near_entrance": false,
    "is_accessible": false,
    "entrance_premium": "0.00",
    "max_electricity_amps": 15,
    "num_tables": 1,
    "num_chairs": 2,
    "electrical_instructions": "",
    "build_instructions": "",
    "created_at": "2026-07-13T18:53:23.969Z"
  }
},
{
  "model": "events.stall",
  "pk": 623,
  "fields": {
    "event": 1,
    "zone": 3,
    "name": "Stand 30",
    "stall_prefix": "Stand",
    "position_x": 399000,
    "position_y": 498000,
    "width": 3000,
    "height": 3000,
    "size_sqm": "9.00",
    "base_price": "5000.00",
    "corner_premium": "0.00",
    "status": "reserved",
    "has_water": false,
    "has_wifi": false,
    "is_corner": false,
    "is_near_entrance": false,
    "is_accessible": false,
    "entrance_premium": "0.00",
    "max_electricity_amps": 15,
    "num_tables": 1,
    "num_chairs": 2,
    "electrical_instructions": "",
    "build_instructions": "",
    "created_at": "2026-07-13T18:53:23.977Z"
  }
},
{
  "model": "events.stall",
  "pk": 624,
  "fields": {
    "event": 1,
    "zone": 3,
    "name": "Stand 31",
    "stall_prefix": "Stand",
    "position_x": 3000,
    "position_y": 3000,
    "width": 3000,
    "height": 3000,
    "size_sqm": "9.00",
    "base_price": "5000.00",
    "corner_premium": "0.00",
    "status": "available",
    "has_water": false,
    "has_wifi": false,
    "is_corner": false,
    "is_near_entrance": false,
    "is_accessible": false,
    "entrance_premium": "0.00",
    "max_electricity_amps": 15,
    "num_tables": 1,
    "num_chairs": 2,
    "electrical_instructions": "",
    "build_instructions": "",
    "created_at": "2026-07-13T18:53:23.985Z"
  }
},
{
  "model": "events.stall",
  "pk": 625,
  "fields": {
    "event": 1,
    "zone": 3,
    "name": "Stand 32",
    "stall_prefix": "Stand",
    "position_x": 405000,
    "position_y": 501000,
    "width": 3000,
    "height": 3000,
    "size_sqm": "9.00",
    "base_price": "5000.00",
    "corner_premium": "0.00",
    "status": "available",
    "has_water": false,
    "has_wifi": false,
    "is_corner": false,
    "is_near_entrance": false,
    "is_accessible": false,
    "entrance_premium": "0.00",
    "max_electricity_amps": 15,
    "num_tables": 1,
    "num_chairs": 2,
    "electrical_instructions": "",
    "build_instructions": "",
    "created_at": "2026-07-13T18:53:23.994Z"
  }
},
{
  "model": "events.stall",
  "pk": 626,
  "fields": {
    "event": 1,
    "zone": 3,
    "name": "Stand 33",
    "stall_prefix": "Stand",
    "position_x": 402000,
    "position_y": 501000,
    "width": 3000,
    "height": 3000,
    "size_sqm": "9.00",
    "base_price": "5000.00",
    "corner_premium": "0.00",
    "status": "available",
    "has_water": false,
    "has_wifi": false,
    "is_corner": false,
    "is_near_entrance": false,
    "is_accessible": false,
    "entrance_premium": "0.00",
    "max_electricity_amps": 15,
    "num_tables": 1,
    "num_chairs": 2,
    "electrical_instructions": "",
    "build_instructions": "",
    "created_at": "2026-07-13T18:53:24.003Z"
  }
},
{
  "model": "events.stall",
  "pk": 627,
  "fields": {
    "event": 1,
    "zone": 3,
    "name": "Stand 34",
    "stall_prefix": "Stand",
    "position_x": 399000,
    "position_y": 501000,
    "width": 3000,
    "height": 3000,
    "size_sqm": "9.00",
    "base_price": "5000.00",
    "corner_premium": "0.00",
    "status": "available",
    "has_water": false,
    "has_wifi": false,
    "is_corner": false,
    "is_near_entrance": false,
    "is_accessible": false,
    "entrance_premium": "0.00",
    "max_electricity_amps": 15,
    "num_tables": 1,
    "num_chairs": 2,
    "electrical_instructions": "",
    "build_instructions": "",
    "created_at": "2026-07-13T18:53:24.012Z"
  }
},
{
  "model": "events.stall",
  "pk": 628,
  "fields": {
    "event": 1,
    "zone": 3,
    "name": "Stand 35",
    "stall_prefix": "Stand",
    "position_x": 394000,
    "position_y": 490000,
    "width": 3000,
    "height": 3000,
    "size_sqm": "9.00",
    "base_price": "5000.00",
    "corner_premium": "0.00",
    "status": "available",
    "has_water": false,
    "has_wifi": false,
    "is_corner": false,
    "is_near_entrance": false,
    "is_accessible": false,
    "entrance_premium": "0.00",
    "max_electricity_amps": 15,
    "num_tables": 1,
    "num_chairs": 2,
    "electrical_instructions": "",
    "build_instructions": "",
    "created_at": "2026-07-13T18:53:24.018Z"
  }
},
{
  "model": "events.stall",
  "pk": 629,
  "fields": {
    "event": 1,
    "zone": 3,
    "name": "Stand 36",
    "stall_prefix": "Stand",
    "position_x": 391000,
    "position_y": 490000,
    "width": 3000,
    "height": 3000,
    "size_sqm": "9.00",
    "base_price": "5000.00",
    "corner_premium": "0.00",
    "status": "available",
    "has_water": false,
    "has_wifi": false,
    "is_corner": false,
    "is_near_entrance": false,
    "is_accessible": false,
    "entrance_premium": "0.00",
    "max_electricity_amps": 15,
    "num_tables": 1,
    "num_chairs": 2,
    "electrical_instructions": "",
    "build_instructions": "",
    "created_at": "2026-07-13T18:53:24.027Z"
  }
},
{
  "model": "events.stall",
  "pk": 630,
  "fields": {
    "event": 1,
    "zone": 3,
    "name": "Stand 37",
    "stall_prefix": "Stand",
    "position_x": 388000,
    "position_y": 490000,
    "width": 3000,
    "height": 3000,
    "size_sqm": "9.00",
    "base_price": "5000.00",
    "corner_premium": "0.00",
    "status": "reserved",
    "has_water": false,
    "has_wifi": false,
    "is_corner": false,
    "is_near_entrance": false,
    "is_accessible": false,
    "entrance_premium": "0.00",
    "max_electricity_amps": 15,
    "num_tables": 1,
    "num_chairs": 2,
    "electrical_instructions": "",
    "build_instructions": "",
    "created_at": "2026-07-13T18:53:24.035Z"
  }
},
{
  "model": "events.stall",
  "pk": 631,
  "fields": {
    "event": 1,
    "zone": 3,
    "name": "Stand 38",
    "stall_prefix": "Stand",
    "position_x": 394000,
    "position_y": 493000,
    "width": 3000,
    "height": 3000,
    "size_sqm": "9.00",
    "base_price": "5000.00",
    "corner_premium": "0.00",
    "status": "available",
    "has_water": false,
    "has_wifi": false,
    "is_corner": false,
    "is_near_entrance": false,
    "is_accessible": false,
    "entrance_premium": "0.00",
    "max_electricity_amps": 15,
    "num_tables": 1,
    "num_chairs": 2,
    "electrical_instructions": "",
    "build_instructions": "",
    "created_at": "2026-07-13T18:53:24.043Z"
  }
},
{
  "model": "events.stall",
  "pk": 632,
  "fields": {
    "event": 1,
    "zone": 3,
    "name": "Stand 39",
    "stall_prefix": "Stand",
    "position_x": 391000,
    "position_y": 493000,
    "width": 3000,
    "height": 3000,
    "size_sqm": "9.00",
    "base_price": "5000.00",
    "corner_premium": "0.00",
    "status": "available",
    "has_water": false,
    "has_wifi": false,
    "is_corner": false,
    "is_near_entrance": false,
    "is_accessible": false,
    "entrance_premium": "0.00",
    "max_electricity_amps": 15,
    "num_tables": 1,
    "num_chairs": 2,
    "electrical_instructions": "",
    "build_instructions": "",
    "created_at": "2026-07-13T18:53:24.050Z"
  }
},
{
  "model": "events.stall",
  "pk": 633,
  "fields": {
    "event": 1,
    "zone": 3,
    "name": "Stand 40",
    "stall_prefix": "Stand",
    "position_x": 388000,
    "position_y": 493000,
    "width": 3000,
    "height": 3000,
    "size_sqm": "9.00",
    "base_price": "5000.00",
    "corner_premium": "0.00",
    "status": "reserved",
    "has_water": false,
    "has_wifi": false,
    "is_corner": false,
    "is_near_entrance": false,
    "is_accessible": false,
    "entrance_premium": "0.00",
    "max_electricity_amps": 15,
    "num_tables": 1,
    "num_chairs": 2,
    "electrical_instructions": "",
    "build_instructions": "",
    "created_at": "2026-07-13T18:53:24.057Z"
  }
},
{
  "model": "events.stall",
  "pk": 634,
  "fields": {
    "event": 1,
    "zone": 3,
    "name": "Stand 41",
    "stall_prefix": "Stand",
    "position_x": 394000,
    "position_y": 498000,
    "width": 3000,
    "height": 6000,
    "size_sqm": "18.00",
    "base_price": "9000.00",
    "corner_premium": "0.00",
    "status": "available",
    "has_water": false,
    "has_wifi": false,
    "is_corner": false,
    "is_near_entrance": false,
    "is_accessible": false,
    "entrance_premium": "0.00",
    "max_electricity_amps": 15,
    "num_tables": 1,
    "num_chairs": 2,
    "electrical_instructions": "",
    "build_instructions": "",
    "created_at": "2026-07-13T18:53:24.065Z"
  }
},
{
  "model": "events.stall",
  "pk": 635,
  "fields": {
    "event": 1,
    "zone": 3,
    "name": "Stand 42",
    "stall_prefix": "Stand",
    "position_x": 391000,
    "position_y": 498000,
    "width": 3000,
    "height": 3000,
    "size_sqm": "9.00",
    "base_price": "5000.00",
    "corner_premium": "0.00",
    "status": "reserved",
    "has_water": false,
    "has_wifi": false,
    "is_corner": false,
    "is_near_entrance": false,
    "is_accessible": false,
    "entrance_premium": "0.00",
    "max_electricity_amps": 15,
    "num_tables": 1,
    "num_chairs": 2,
    "electrical_instructions": "",
    "build_instructions": "",
    "created_at": "2026-07-13T18:53:24.071Z"
  }
},
{
  "model": "events.stall",
  "pk": 636,
  "fields": {
    "event": 1,
    "zone": 3,
    "name": "Stand 43",
    "stall_prefix": "Stand",
    "position_x": 391000,
    "position_y": 501000,
    "width": 3000,
    "height": 3000,
    "size_sqm": "9.00",
    "base_price": "5000.00",
    "corner_premium": "0.00",
    "status": "available",
    "has_water": false,
    "has_wifi": false,
    "is_corner": false,
    "is_near_entrance": false,
    "is_accessible": false,
    "entrance_premium": "0.00",
    "max_electricity_amps": 15,
    "num_tables": 1,
    "num_chairs": 2,
    "electrical_instructions": "",
    "build_instructions": "",
    "created_at": "2026-07-13T18:53:24.079Z"
  }
},
{
  "model": "events.stall",
  "pk": 637,
  "fields": {
    "event": 1,
    "zone": 3,
    "name": "Stand 44",
    "stall_prefix": "Stand",
    "position_x": 383000,
    "position_y": 490000,
    "width": 3000,
    "height": 3000,
    "size_sqm": "9.00",
    "base_price": "5000.00",
    "corner_premium": "0.00",
    "status": "available",
    "has_water": false,
    "has_wifi": false,
    "is_corner": false,
    "is_near_entrance": false,
    "is_accessible": false,
    "entrance_premium": "0.00",
    "max_electricity_amps": 15,
    "num_tables": 1,
    "num_chairs": 2,
    "electrical_instructions": "",
    "build_instructions": "",
    "created_at": "2026-07-13T19:25:06.957Z"
  }
},
{
  "model": "events.stall",
  "pk": 638,
  "fields": {
    "event": 1,
    "zone": 3,
    "name": "Stand 45",
    "stall_prefix": "Stand",
    "position_x": 380000,
    "position_y": 490000,
    "width": 3000,
    "height": 3000,
    "size_sqm": "9.00",
    "base_price": "5000.00",
    "corner_premium": "0.00",
    "status": "reserved",
    "has_water": false,
    "has_wifi": false,
    "is_corner": false,
    "is_near_entrance": false,
    "is_accessible": false,
    "entrance_premium": "0.00",
    "max_electricity_amps": 15,
    "num_tables": 1,
    "num_chairs": 2,
    "electrical_instructions": "",
    "build_instructions": "",
    "created_at": "2026-07-13T19:25:06.966Z"
  }
},
{
  "model": "events.stall",
  "pk": 639,
  "fields": {
    "event": 1,
    "zone": 3,
    "name": "Stand 46",
    "stall_prefix": "Stand",
    "position_x": 374000,
    "position_y": 490000,
    "width": 3000,
    "height": 3000,
    "size_sqm": "9.00",
    "base_price": "5000.00",
    "corner_premium": "0.00",
    "status": "available",
    "has_water": false,
    "has_wifi": false,
    "is_corner": false,
    "is_near_entrance": false,
    "is_accessible": false,
    "entrance_premium": "0.00",
    "max_electricity_amps": 15,
    "num_tables": 1,
    "num_chairs": 2,
    "electrical_instructions": "",
    "build_instructions": "",
    "created_at": "2026-07-13T19:25:06.979Z"
  }
},
{
  "model": "events.stall",
  "pk": 640,
  "fields": {
    "event": 1,
    "zone": 3,
    "name": "Stand 47",
    "stall_prefix": "Stand",
    "position_x": 374000,
    "position_y": 493000,
    "width": 3000,
    "height": 3000,
    "size_sqm": "9.00",
    "base_price": "5000.00",
    "corner_premium": "0.00",
    "status": "available",
    "has_water": false,
    "has_wifi": false,
    "is_corner": false,
    "is_near_entrance": false,
    "is_accessible": false,
    "entrance_premium": "0.00",
    "max_electricity_amps": 15,
    "num_tables": 1,
    "num_chairs": 2,
    "electrical_instructions": "",
    "build_instructions": "",
    "created_at": "2026-07-13T19:25:06.988Z"
  }
},
{
  "model": "events.stall",
  "pk": 641,
  "fields": {
    "event": 1,
    "zone": 3,
    "name": "Stand 48",
    "stall_prefix": "Stand",
    "position_x": 374000,
    "position_y": 496000,
    "width": 3000,
    "height": 3000,
    "size_sqm": "9.00",
    "base_price": "5000.00",
    "corner_premium": "0.00",
    "status": "available",
    "has_water": false,
    "has_wifi": false,
    "is_corner": false,
    "is_near_entrance": false,
    "is_accessible": false,
    "entrance_premium": "0.00",
    "max_electricity_amps": 15,
    "num_tables": 1,
    "num_chairs": 2,
    "electrical_instructions": "",
    "build_instructions": "",
    "created_at": "2026-07-13T19:25:06.997Z"
  }
},
{
  "model": "events.stall",
  "pk": 642,
  "fields": {
    "event": 1,
    "zone": 3,
    "name": "Stand 49",
    "stall_prefix": "Stand",
    "position_x": 374000,
    "position_y": 499000,
    "width": 3000,
    "height": 3000,
    "size_sqm": "9.00",
    "base_price": "5000.00",
    "corner_premium": "0.00",
    "status": "reserved",
    "has_water": false,
    "has_wifi": false,
    "is_corner": false,
    "is_near_entrance": false,
    "is_accessible": false,
    "entrance_premium": "0.00",
    "max_electricity_amps": 15,
    "num_tables": 1,
    "num_chairs": 2,
    "electrical_instructions": "",
    "build_instructions": "",
    "created_at": "2026-07-13T19:25:07.004Z"
  }
},
{
  "model": "events.stall",
  "pk": 643,
  "fields": {
    "event": 1,
    "zone": 3,
    "name": "Stand 50",
    "stall_prefix": "Stand",
    "position_x": 374000,
    "position_y": 502000,
    "width": 3000,
    "height": 3000,
    "size_sqm": "9.00",
    "base_price": "5000.00",
    "corner_premium": "0.00",
    "status": "available",
    "has_water": false,
    "has_wifi": false,
    "is_corner": false,
    "is_near_entrance": false,
    "is_accessible": false,
    "entrance_premium": "0.00",
    "max_electricity_amps": 15,
    "num_tables": 1,
    "num_chairs": 2,
    "electrical_instructions": "",
    "build_instructions": "",
    "created_at": "2026-07-13T19:25:07.012Z"
  }
},
{
  "model": "events.stall",
  "pk": 644,
  "fields": {
    "event": 1,
    "zone": 3,
    "name": "Stand 51",
    "stall_prefix": "Stand",
    "position_x": 383000,
    "position_y": 493000,
    "width": 3000,
    "height": 3000,
    "size_sqm": "9.00",
    "base_price": "5000.00",
    "corner_premium": "0.00",
    "status": "reserved",
    "has_water": false,
    "has_wifi": false,
    "is_corner": false,
    "is_near_entrance": false,
    "is_accessible": false,
    "entrance_premium": "0.00",
    "max_electricity_amps": 15,
    "num_tables": 1,
    "num_chairs": 2,
    "electrical_instructions": "",
    "build_instructions": "",
    "created_at": "2026-07-13T19:25:07.020Z"
  }
},
{
  "model": "events.stall",
  "pk": 645,
  "fields": {
    "event": 1,
    "zone": 3,
    "name": "Stand 52",
    "stall_prefix": "Stand",
    "position_x": 380000,
    "position_y": 493000,
    "width": 3000,
    "height": 3000,
    "size_sqm": "9.00",
    "base_price": "5000.00",
    "corner_premium": "0.00",
    "status": "available",
    "has_water": false,
    "has_wifi": false,
    "is_corner": false,
    "is_near_entrance": false,
    "is_accessible": false,
    "entrance_premium": "0.00",
    "max_electricity_amps": 15,
    "num_tables": 1,
    "num_chairs": 2,
    "electrical_instructions": "",
    "build_instructions": "",
    "created_at": "2026-07-13T19:25:07.028Z"
  }
},
{
  "model": "events.stall",
  "pk": 646,
  "fields": {
    "event": 1,
    "zone": 3,
    "name": "Stand 53",
    "stall_prefix": "Stand",
    "position_x": 383000,
    "position_y": 498000,
    "width": 3000,
    "height": 3000,
    "size_sqm": "9.00",
    "base_price": "5000.00",
    "corner_premium": "0.00",
    "status": "available",
    "has_water": false,
    "has_wifi": false,
    "is_corner": false,
    "is_near_entrance": false,
    "is_accessible": false,
    "entrance_premium": "0.00",
    "max_electricity_amps": 15,
    "num_tables": 1,
    "num_chairs": 2,
    "electrical_instructions": "",
    "build_instructions": "",
    "created_at": "2026-07-13T19:25:07.036Z"
  }
},
{
  "model": "events.stall",
  "pk": 647,
  "fields": {
    "event": 1,
    "zone": 3,
    "name": "Stand 54",
    "stall_prefix": "Stand",
    "position_x": 383000,
    "position_y": 501000,
    "width": 3000,
    "height": 3000,
    "size_sqm": "9.00",
    "base_price": "5000.00",
    "corner_premium": "0.00",
    "status": "available",
    "has_water": false,
    "has_wifi": false,
    "is_corner": false,
    "is_near_entrance": false,
    "is_accessible": false,
    "entrance_premium": "0.00",
    "max_electricity_amps": 15,
    "num_tables": 1,
    "num_chairs": 2,
    "electrical_instructions": "",
    "build_instructions": "",
    "created_at": "2026-07-13T19:25:07.044Z"
  }
},
{
  "model": "events.stall",
  "pk": 648,
  "fields": {
    "event": 1,
    "zone": 3,
    "name": "Stand 55",
    "stall_prefix": "Stand",
    "position_x": 380000,
    "position_y": 498000,
    "width": 3000,
    "height": 3000,
    "size_sqm": "9.00",
    "base_price": "5000.00",
    "corner_premium": "0.00",
    "status": "available",
    "has_water": false,
    "has_wifi": false,
    "is_corner": false,
    "is_near_entrance": false,
    "is_accessible": false,
    "entrance_premium": "0.00",
    "max_electricity_amps": 15,
    "num_tables": 1,
    "num_chairs": 2,
    "electrical_instructions": "",
    "build_instructions": "",
    "created_at": "2026-07-13T19:25:07.052Z"
  }
},
{
  "model": "events.stall",
  "pk": 649,
  "fields": {
    "event": 1,
    "zone": 3,
    "name": "Stand 56",
    "stall_prefix": "Stand",
    "position_x": 380000,
    "position_y": 501000,
    "width": 3000,
    "height": 3000,
    "size_sqm": "9.00",
    "base_price": "5000.00",
    "corner_premium": "0.00",
    "status": "available",
    "has_water": false,
    "has_wifi": false,
    "is_corner": false,
    "is_near_entrance": false,
    "is_accessible": false,
    "entrance_premium": "0.00",
    "max_electricity_amps": 15,
    "num_tables": 1,
    "num_chairs": 2,
    "electrical_instructions": "",
    "build_instructions": "",
    "created_at": "2026-07-13T19:25:07.060Z"
  }
},
{
  "model": "events.stall",
  "pk": 650,
  "fields": {
    "event": 1,
    "zone": 5,
    "name": "Food 1",
    "stall_prefix": "Food",
    "position_x": 429000,
    "position_y": 462000,
    "width": 4000,
    "height": 3000,
    "size_sqm": "12.00",
    "base_price": "8000.00",
    "corner_premium": "0.00",
    "status": "available",
    "has_water": false,
    "has_wifi": false,
    "is_corner": false,
    "is_near_entrance": false,
    "is_accessible": false,
    "entrance_premium": "0.00",
    "max_electricity_amps": 15,
    "num_tables": 1,
    "num_chairs": 2,
    "electrical_instructions": "",
    "build_instructions": "",
    "created_at": "2026-07-13T19:29:28.538Z"
  }
},
{
  "model": "events.stall",
  "pk": 651,
  "fields": {
    "event": 1,
    "zone": 5,
    "name": "Food 2",
    "stall_prefix": "Food",
    "position_x": 3000,
    "position_y": 3000,
    "width": 4000,
    "height": 3000,
    "size_sqm": "12.00",
    "base_price": "8000.00",
    "corner_premium": "0.00",
    "status": "available",
    "has_water": false,
    "has_wifi": false,
    "is_corner": false,
    "is_near_entrance": false,
    "is_accessible": false,
    "entrance_premium": "0.00",
    "max_electricity_amps": 15,
    "num_tables": 1,
    "num_chairs": 2,
    "electrical_instructions": "",
    "build_instructions": "",
    "created_at": "2026-07-13T19:29:28.547Z"
  }
},
{
  "model": "events.stall",
  "pk": 652,
  "fields": {
    "event": 1,
    "zone": 5,
    "name": "Food 3",
    "stall_prefix": "Food",
    "position_x": 433000,
    "position_y": 462000,
    "width": 4000,
    "height": 3000,
    "size_sqm": "12.00",
    "base_price": "8000.00",
    "corner_premium": "0.00",
    "status": "available",
    "has_water": false,
    "has_wifi": false,
    "is_corner": false,
    "is_near_entrance": false,
    "is_accessible": false,
    "entrance_premium": "0.00",
    "max_electricity_amps": 15,
    "num_tables": 1,
    "num_chairs": 2,
    "electrical_instructions": "",
    "build_instructions": "",
    "created_at": "2026-07-13T19:29:28.556Z"
  }
},
{
  "model": "events.stall",
  "pk": 653,
  "fields": {
    "event": 1,
    "zone": 5,
    "name": "Food 4",
    "stall_prefix": "Food",
    "position_x": 437000,
    "position_y": 462000,
    "width": 4000,
    "height": 3000,
    "size_sqm": "12.00",
    "base_price": "8000.00",
    "corner_premium": "0.00",
    "status": "available",
    "has_water": false,
    "has_wifi": false,
    "is_corner": false,
    "is_near_entrance": false,
    "is_accessible": false,
    "entrance_premium": "0.00",
    "max_electricity_amps": 15,
    "num_tables": 1,
    "num_chairs": 2,
    "electrical_instructions": "",
    "build_instructions": "",
    "created_at": "2026-07-13T19:29:28.566Z"
  }
},
{
  "model": "events.stall",
  "pk": 654,
  "fields": {
    "event": 1,
    "zone": 5,
    "name": "Food 5",
    "stall_prefix": "Food",
    "position_x": 429000,
    "position_y": 437000,
    "width": 4000,
    "height": 3000,
    "size_sqm": "12.00",
    "base_price": "8000.00",
    "corner_premium": "0.00",
    "status": "available",
    "has_water": false,
    "has_wifi": false,
    "is_corner": false,
    "is_near_entrance": false,
    "is_accessible": false,
    "entrance_premium": "0.00",
    "max_electricity_amps": 15,
    "num_tables": 1,
    "num_chairs": 2,
    "electrical_instructions": "",
    "build_instructions": "",
    "created_at": "2026-07-13T19:29:28.577Z"
  }
},
{
  "model": "events.stall",
  "pk": 655,
  "fields": {
    "event": 1,
    "zone": 5,
    "name": "Food 6",
    "stall_prefix": "Food",
    "position_x": 433000,
    "position_y": 437000,
    "width": 4000,
    "height": 3000,
    "size_sqm": "12.00",
    "base_price": "8000.00",
    "corner_premium": "0.00",
    "status": "available",
    "has_water": false,
    "has_wifi": false,
    "is_corner": false,
    "is_near_entrance": false,
    "is_accessible": false,
    "entrance_premium": "0.00",
    "max_electricity_amps": 15,
    "num_tables": 1,
    "num_chairs": 2,
    "electrical_instructions": "",
    "build_instructions": "",
    "created_at": "2026-07-13T19:29:28.586Z"
  }
},
{
  "model": "events.stall",
  "pk": 656,
  "fields": {
    "event": 1,
    "zone": 5,
    "name": "Stand 57",
    "stall_prefix": "Stand",
    "position_x": 437000,
    "position_y": 437000,
    "width": 3000,
    "height": 3000,
    "size_sqm": "9.00",
    "base_price": "5000.00",
    "corner_premium": "0.00",
    "status": "available",
    "has_water": false,
    "has_wifi": false,
    "is_corner": false,
    "is_near_entrance": false,
    "is_accessible": false,
    "entrance_premium": "0.00",
    "max_electricity_amps": 15,
    "num_tables": 1,
    "num_chairs": 2,
    "electrical_instructions": "",
    "build_instructions": "",
    "created_at": "2026-07-13T19:29:28.593Z"
  }
},
{
  "model": "events.stall",
  "pk": 658,
  "fields": {
    "event": 1,
    "zone": null,
    "name": "TEST-ZZZ-LOCAL",
    "stall_prefix": "Stand",
    "position_x": 100000,
    "position_y": 100000,
    "width": 3000,
    "height": 3000,
    "size_sqm": "9.00",
    "base_price": "500.00",
    "corner_premium": "0.00",
    "status": "available",
    "has_water": false,
    "has_wifi": false,
    "is_corner": false,
    "is_near_entrance": false,
    "is_accessible": false,
    "entrance_premium": "0.00",
    "max_electricity_amps": 15,
    "num_tables": 1,
    "num_chairs": 2,
    "electrical_instructions": "",
    "build_instructions": "",
    "created_at": "2026-07-14T03:17:58.765Z"
  }
},
{
  "model": "events.accessorytype",
  "pk": 1,
  "fields": {
    "name": "Electrical Connection (15A)",
    "description": "Single phase 15A power point",
    "price": "350.00",
    "unit": "per connection",
    "icon": "bi-plugin",
    "is_active": true,
    "display_order": 0
  }
},
{
  "model": "events.accessorytype",
  "pk": 2,
  "fields": {
    "name": "Electrical Connection (30A)",
    "description": "Single phase 30A power point",
    "price": "650.00",
    "unit": "per connection",
    "icon": "bi-plugin",
    "is_active": true,
    "display_order": 1
  }
},
{
  "model": "events.accessorytype",
  "pk": 3,
  "fields": {
    "name": "Electrical Connection (60A)",
    "description": "Three phase 60A power point",
    "price": "1200.00",
    "unit": "per connection",
    "icon": "bi-plugin",
    "is_active": true,
    "display_order": 2
  }
},
{
  "model": "events.accessorytype",
  "pk": 4,
  "fields": {
    "name": "Additional Lighting",
    "description": "Extra spotlights (per set of 2)",
    "price": "450.00",
    "unit": "per set",
    "icon": "bi-lightbulb",
    "is_active": true,
    "display_order": 3
  }
},
{
  "model": "events.accessorytype",
  "pk": 5,
  "fields": {
    "name": "Fascia Board",
    "description": "Custom printed fascia board with company name",
    "price": "850.00",
    "unit": "per board",
    "icon": "bi-signpost",
    "is_active": true,
    "display_order": 4
  }
},
{
  "model": "events.accessorytype",
  "pk": 6,
  "fields": {
    "name": "Additional Shelving",
    "description": "Extra shelves (per shelf)",
    "price": "250.00",
    "unit": "per shelf",
    "icon": "bi-layers",
    "is_active": true,
    "display_order": 5
  }
},
{
  "model": "events.accessorytype",
  "pk": 7,
  "fields": {
    "name": "Display Cabinet",
    "description": "Lockable glass display cabinet",
    "price": "1200.00",
    "unit": "per unit",
    "icon": "bi-window",
    "is_active": true,
    "display_order": 6
  }
},
{
  "model": "events.accessorytype",
  "pk": 8,
  "fields": {
    "name": "Chair (Extra)",
    "description": "Additional folding chair",
    "price": "75.00",
    "unit": "per chair",
    "icon": "bi-chair",
    "is_active": true,
    "display_order": 7
  }
},
{
  "model": "events.accessorytype",
  "pk": 9,
  "fields": {
    "name": "Table (Extra)",
    "description": "Additional trestle table",
    "price": "350.00",
    "unit": "per table",
    "icon": "bi-table",
    "is_active": true,
    "display_order": 8
  }
},
{
  "model": "events.accessorytype",
  "pk": 10,
  "fields": {
    "name": "Carpet (Additional)",
    "description": "Extra carpet area per m²",
    "price": "180.00",
    "unit": "per m²",
    "icon": "bi-grid",
    "is_active": true,
    "display_order": 9
  }
},
{
  "model": "events.accessorytype",
  "pk": 11,
  "fields": {
    "name": "WiFi Access",
    "description": "High-speed WiFi for the event duration",
    "price": "500.00",
    "unit": "per connection",
    "icon": "bi-wifi",
    "is_active": true,
    "display_order": 10
  }
},
{
  "model": "events.accessorytype",
  "pk": 12,
  "fields": {
    "name": "Water Connection",
    "description": "Direct water supply to stall",
    "price": "800.00",
    "unit": "per connection",
    "icon": "bi-droplet",
    "is_active": true,
    "display_order": 11
  }
},
{
  "model": "accounts.user",
  "pk": 1,
  "fields": {
    "password": "pbkdf2_sha256$1200000$6mIQN3BCG2EIwWOwVwj5D1$CinmNLotJOknsLRfIMC6q48XhWIxqcHbIEnpIRC6++M=",
    "last_login": "2026-07-17T21:22:17.201Z",
    "is_superuser": true,
    "username": "admin",
    "first_name": "",
    "last_name": "",
    "email": "admin@alansaar.org",
    "is_staff": true,
    "is_active": true,
    "date_joined": "2026-07-07T16:58:01.769Z",
    "user_type": "superadmin",
    "phone": "",
    "company_name": "Al Ansaar Foundation",
    "is_verified": false,
    "role": null,
    "groups": [],
    "user_permissions": []
  }
},
{
  "model": "accounts.user",
  "pk": 2,
  "fields": {
    "password": "pbkdf2_sha256$1200000$0nBOcQoT8aeuOwKUKdqWI7$Uj8YCOyBj8SkiIs/sjmurSNNQu594ooKEF45b9O9S2g=",
    "last_login": "2026-07-07T19:30:49.828Z",
    "is_superuser": false,
    "username": "mogalia",
    "first_name": "Muhammad",
    "last_name": "Mogalia",
    "email": "mogalia.apps@gmail.com",
    "is_staff": false,
    "is_active": true,
    "date_joined": "2026-07-07T19:30:48.300Z",
    "user_type": "exhibitor",
    "phone": "0683561001",
    "company_name": "Mogalia Enterprises",
    "is_verified": false,
    "role": null,
    "groups": [],
    "user_permissions": []
  }
},
{
  "model": "accounts.user",
  "pk": 3,
  "fields": {
    "password": "pbkdf2_sha256$1200000$R3slsiVPpkFYZ9uKDalY8Q$C058y1GZWhuH8V4liNmGcoWWGGTwyOKF2ZRYHWxKceA=",
    "last_login": "2026-07-07T19:53:07.437Z",
    "is_superuser": false,
    "username": "rabia",
    "first_name": "Rabia",
    "last_name": "Mogalia",
    "email": "mogalia.apps@gmail.com",
    "is_staff": false,
    "is_active": true,
    "date_joined": "2026-07-07T19:53:04.314Z",
    "user_type": "exhibitor",
    "phone": "0683561001",
    "company_name": "Rabia Trading",
    "is_verified": false,
    "role": null,
    "groups": [],
    "user_permissions": []
  }
},
{
  "model": "accounts.user",
  "pk": 8,
  "fields": {
    "password": "pbkdf2_sha256$1200000$pLc8ZuBTd7n7UDelXmC4pl$FF3Zw102anjLN0gdf9A4QiQiTxttJZJejF3QmC3wYh0=",
    "last_login": "2026-07-07T21:38:51.320Z",
    "is_superuser": false,
    "username": "Dad",
    "first_name": "Aadil",
    "last_name": "Mogalia",
    "email": "mogalia786@gmail.com",
    "is_staff": false,
    "is_active": true,
    "date_joined": "2026-07-07T21:38:48.623Z",
    "user_type": "exhibitor",
    "phone": "0846004646",
    "company_name": "Faroq Trading",
    "is_verified": false,
    "role": null,
    "groups": [],
    "user_permissions": []
  }
},
{
  "model": "accounts.user",
  "pk": 10,
  "fields": {
    "password": "pbkdf2_sha256$1200000$VInCW3mPdJLLZc6yDKJV0e$GfqXWtai3kaLYndbtub61FI+Mg2xCWdaLQJpqYMDkek=",
    "last_login": "2026-07-17T21:23:14.395Z",
    "is_superuser": false,
    "username": "sheez",
    "first_name": "zheereen",
    "last_name": "mogalia",
    "email": "mogalia786@gmail.com",
    "is_staff": false,
    "is_active": true,
    "date_joined": "2026-07-07T23:40:22.070Z",
    "user_type": "exhibitor",
    "phone": "0683561001",
    "company_name": "sheez trading",
    "is_verified": false,
    "role": null,
    "groups": [],
    "user_permissions": []
  }
},
{
  "model": "accounts.user",
  "pk": 16,
  "fields": {
    "password": "pbkdf2_sha256$1200000$ZczVA9X3CyJlaWxUyyG2Rr$4XkOyrBjSboBzUIe6dDaOblgthGMiEW30gzUV1U2O40=",
    "last_login": "2026-07-08T21:06:43.343Z",
    "is_superuser": false,
    "username": "Nizam",
    "first_name": "",
    "last_name": "",
    "email": "alansaar@mogalia.co.za",
    "is_staff": true,
    "is_active": true,
    "date_joined": "2026-07-08T20:36:09.779Z",
    "user_type": "finance",
    "phone": "0683561001",
    "company_name": "",
    "is_verified": false,
    "role": 1,
    "groups": [],
    "user_permissions": []
  }
},
{
  "model": "accounts.user",
  "pk": 17,
  "fields": {
    "password": "pbkdf2_sha256$1200000$7loQhW25j8XOnv0kQSQ7bk$mweUQK9rb/E7JeLudCz+8hTm0uulppFO9v5eHy3uUMw=",
    "last_login": "2026-07-08T23:02:50.870Z",
    "is_superuser": false,
    "username": "mr_bux",
    "first_name": "",
    "last_name": "",
    "email": "alansaar@mogalia.co.za",
    "is_staff": true,
    "is_active": true,
    "date_joined": "2026-07-08T20:42:05.670Z",
    "user_type": "director",
    "phone": "",
    "company_name": "Al Ansaar Foundation - Mr Bux",
    "is_verified": false,
    "role": 3,
    "groups": [],
    "user_permissions": []
  }
},
{
  "model": "accounts.user",
  "pk": 18,
  "fields": {
    "password": "pbkdf2_sha256$1200000$ZOn9hgWSp6piFXCb2JO9zj$1cFJGq63FE7005tTJYdsFW4MFncfD0ee3sEPG7rR7tg=",
    "last_login": null,
    "is_superuser": false,
    "username": "mr_sakoor",
    "first_name": "",
    "last_name": "",
    "email": "alansaar@mogalia.co.za",
    "is_staff": true,
    "is_active": true,
    "date_joined": "2026-07-08T20:42:08.135Z",
    "user_type": "director",
    "phone": "0683561001",
    "company_name": "Al Ansaar Foundation - Mr Sakoor",
    "is_verified": false,
    "role": 3,
    "groups": [],
    "user_permissions": []
  }
},
{
  "model": "accounts.user",
  "pk": 19,
  "fields": {
    "password": "pbkdf2_sha256$1200000$WeWi57zFra5E3rT2VcbXkm$6fSPTrs3kqN8xhteAsfknYIlyYJtNp9BGKhfZ4E1fPs=",
    "last_login": null,
    "is_superuser": false,
    "username": "Ashley",
    "first_name": "",
    "last_name": "",
    "email": "mogalia786@gmail.com",
    "is_staff": false,
    "is_active": true,
    "date_joined": "2026-07-08T22:06:55.753Z",
    "user_type": "service_provider",
    "phone": "0683561001",
    "company_name": "Ashley Stand Builder",
    "is_verified": false,
    "role": null,
    "groups": [],
    "user_permissions": []
  }
},
{
  "model": "accounts.user",
  "pk": 20,
  "fields": {
    "password": "pbkdf2_sha256$1200000$egttXgQdG4EbX0BJK3XeKN$Or1pH0YGp6Ts4FpansGrimbq79jjnhJFlR7aeNmJKM4=",
    "last_login": "2026-07-09T12:12:17.063Z",
    "is_superuser": false,
    "username": "Bilal",
    "first_name": "BILAL",
    "last_name": "Joosab",
    "email": "tech@alansaar.org.za",
    "is_staff": false,
    "is_active": true,
    "date_joined": "2026-07-09T12:12:15.065Z",
    "user_type": "exhibitor",
    "phone": "0683561001",
    "company_name": "Bilal Foods",
    "is_verified": false,
    "role": null,
    "groups": [],
    "user_permissions": []
  }
},
{
  "model": "accounts.user",
  "pk": 21,
  "fields": {
    "password": "pbkdf2_sha256$1200000$6dCvpmkV1uj9fEN7qam0ot$817Y0MAWt+ycaO27vKc9NVUSTDzT+QK1ut8UrN60lyU=",
    "last_login": "2026-07-09T12:15:16.025Z",
    "is_superuser": false,
    "username": "Biloo",
    "first_name": "BILAL",
    "last_name": "Joosab",
    "email": "tech@alansaar.org.za",
    "is_staff": false,
    "is_active": true,
    "date_joined": "2026-07-09T12:15:12.121Z",
    "user_type": "exhibitor",
    "phone": "0683561001",
    "company_name": "Bilal Cuisine",
    "is_verified": false,
    "role": null,
    "groups": [],
    "user_permissions": []
  }
},
{
  "model": "accounts.user",
  "pk": 22,
  "fields": {
    "password": "pbkdf2_sha256$1200000$LFlYrXMRS03B9wDoa6VaA2$q2hKY9Y8xNjZ+o7x057akkX/eUSWzRIc7DM5hsCU2Yg=",
    "last_login": "2026-07-09T13:05:52.152Z",
    "is_superuser": false,
    "username": "Irfaan",
    "first_name": "Irfaan",
    "last_name": "Bux",
    "email": "ibux@alansaar.org.za",
    "is_staff": false,
    "is_active": true,
    "date_joined": "2026-07-09T12:17:56.135Z",
    "user_type": "exhibitor",
    "phone": "0683561001",
    "company_name": "Steakout",
    "is_verified": false,
    "role": null,
    "groups": [],
    "user_permissions": []
  }
},
{
  "model": "accounts.user",
  "pk": 23,
  "fields": {
    "password": "pbkdf2_sha256$1200000$Tj5gNqGp2cYK2aP1AgRduX$jDsdTqATXXCdZjIA8m3jpNh20JKaDV1WGsLcMsfUkgg=",
    "last_login": "2026-07-13T20:59:34.604Z",
    "is_superuser": false,
    "username": "Saber",
    "first_name": "Imran",
    "last_name": "Saber",
    "email": "mogalia.apps@gmail.com",
    "is_staff": false,
    "is_active": true,
    "date_joined": "2026-07-13T20:59:31.165Z",
    "user_type": "exhibitor",
    "phone": "0683561001",
    "company_name": "Saber Bookshop",
    "is_verified": false,
    "role": null,
    "groups": [],
    "user_permissions": []
  }
},
{
  "model": "accounts.user",
  "pk": 24,
  "fields": {
    "password": "pbkdf2_sha256$1200000$CuOFII1iY0QGh0jGUSpsTs$j2I0qzOHOgILvcWELcqjhAWm8VtXUErZoOjO8Jaqogg=",
    "last_login": "2026-07-14T10:25:58.029Z",
    "is_superuser": false,
    "username": "David",
    "first_name": "David",
    "last_name": "Johnson",
    "email": "mogalia.apps@gmail.com",
    "is_staff": false,
    "is_active": true,
    "date_joined": "2026-07-14T10:25:55.854Z",
    "user_type": "exhibitor",
    "phone": "0683561001",
    "company_name": "Davids Tools",
    "is_verified": false,
    "role": null,
    "groups": [],
    "user_permissions": []
  }
},
{
  "model": "accounts.role",
  "pk": 1,
  "fields": {
    "name": "Finance",
    "description": "Finance role",
    "is_active": true,
    "created_at": "2026-07-08T20:42:10.529Z"
  }
},
{
  "model": "accounts.role",
  "pk": 2,
  "fields": {
    "name": "Staff",
    "description": "Staff role",
    "is_active": true,
    "created_at": "2026-07-08T20:42:10.606Z"
  }
},
{
  "model": "accounts.role",
  "pk": 3,
  "fields": {
    "name": "Director",
    "description": "Director role",
    "is_active": true,
    "created_at": "2026-07-08T20:42:10.828Z"
  }
},
{
  "model": "accounts.role",
  "pk": 4,
  "fields": {
    "name": "Admin",
    "description": "Admin role",
    "is_active": true,
    "created_at": "2026-07-08T20:42:11.025Z"
  }
},
{
  "model": "accounts.rolepermission",
  "pk": 1,
  "fields": {
    "role": 1,
    "section": "invoices",
    "can_view": true,
    "can_create": false,
    "can_edit": false,
    "can_delete": false
  }
},
{
  "model": "accounts.rolepermission",
  "pk": 2,
  "fields": {
    "role": 1,
    "section": "payments",
    "can_view": true,
    "can_create": false,
    "can_edit": false,
    "can_delete": false
  }
},
{
  "model": "accounts.rolepermission",
  "pk": 3,
  "fields": {
    "role": 1,
    "section": "accounting",
    "can_view": true,
    "can_create": false,
    "can_edit": false,
    "can_delete": false
  }
},
{
  "model": "accounts.rolepermission",
  "pk": 4,
  "fields": {
    "role": 1,
    "section": "reports",
    "can_view": true,
    "can_create": false,
    "can_edit": false,
    "can_delete": false
  }
},
{
  "model": "accounts.rolepermission",
  "pk": 5,
  "fields": {
    "role": 1,
    "section": "dashboard",
    "can_view": true,
    "can_create": false,
    "can_edit": false,
    "can_delete": false
  }
},
{
  "model": "accounts.rolepermission",
  "pk": 6,
  "fields": {
    "role": 1,
    "section": "exhibitors",
    "can_view": true,
    "can_create": false,
    "can_edit": false,
    "can_delete": false
  }
},
{
  "model": "accounts.rolepermission",
  "pk": 7,
  "fields": {
    "role": 2,
    "section": "dashboard",
    "can_view": true,
    "can_create": false,
    "can_edit": false,
    "can_delete": false
  }
},
{
  "model": "accounts.rolepermission",
  "pk": 8,
  "fields": {
    "role": 2,
    "section": "events",
    "can_view": true,
    "can_create": false,
    "can_edit": false,
    "can_delete": false
  }
},
{
  "model": "accounts.rolepermission",
  "pk": 9,
  "fields": {
    "role": 2,
    "section": "floor_plan",
    "can_view": true,
    "can_create": false,
    "can_edit": false,
    "can_delete": false
  }
},
{
  "model": "accounts.rolepermission",
  "pk": 10,
  "fields": {
    "role": 2,
    "section": "bookings",
    "can_view": true,
    "can_create": false,
    "can_edit": false,
    "can_delete": false
  }
},
{
  "model": "accounts.rolepermission",
  "pk": 11,
  "fields": {
    "role": 2,
    "section": "invoices",
    "can_view": true,
    "can_create": false,
    "can_edit": false,
    "can_delete": false
  }
},
{
  "model": "accounts.rolepermission",
  "pk": 12,
  "fields": {
    "role": 2,
    "section": "payments",
    "can_view": true,
    "can_create": false,
    "can_edit": false,
    "can_delete": false
  }
},
{
  "model": "accounts.rolepermission",
  "pk": 13,
  "fields": {
    "role": 2,
    "section": "exhibitors",
    "can_view": true,
    "can_create": false,
    "can_edit": false,
    "can_delete": false
  }
},
{
  "model": "accounts.rolepermission",
  "pk": 14,
  "fields": {
    "role": 2,
    "section": "providers",
    "can_view": true,
    "can_create": false,
    "can_edit": false,
    "can_delete": false
  }
},
{
  "model": "accounts.rolepermission",
  "pk": 15,
  "fields": {
    "role": 2,
    "section": "expenses",
    "can_view": true,
    "can_create": false,
    "can_edit": false,
    "can_delete": false
  }
},
{
  "model": "accounts.rolepermission",
  "pk": 16,
  "fields": {
    "role": 2,
    "section": "reports",
    "can_view": true,
    "can_create": false,
    "can_edit": false,
    "can_delete": false
  }
},
{
  "model": "accounts.rolepermission",
  "pk": 17,
  "fields": {
    "role": 3,
    "section": "dashboard",
    "can_view": true,
    "can_create": false,
    "can_edit": false,
    "can_delete": false
  }
},
{
  "model": "accounts.rolepermission",
  "pk": 18,
  "fields": {
    "role": 3,
    "section": "events",
    "can_view": true,
    "can_create": false,
    "can_edit": false,
    "can_delete": false
  }
},
{
  "model": "accounts.rolepermission",
  "pk": 19,
  "fields": {
    "role": 3,
    "section": "bookings",
    "can_view": true,
    "can_create": false,
    "can_edit": false,
    "can_delete": false
  }
},
{
  "model": "accounts.rolepermission",
  "pk": 20,
  "fields": {
    "role": 3,
    "section": "invoices",
    "can_view": true,
    "can_create": false,
    "can_edit": false,
    "can_delete": false
  }
},
{
  "model": "accounts.rolepermission",
  "pk": 21,
  "fields": {
    "role": 3,
    "section": "payments",
    "can_view": true,
    "can_create": false,
    "can_edit": false,
    "can_delete": false
  }
},
{
  "model": "accounts.rolepermission",
  "pk": 22,
  "fields": {
    "role": 3,
    "section": "accounting",
    "can_view": true,
    "can_create": false,
    "can_edit": false,
    "can_delete": false
  }
},
{
  "model": "accounts.rolepermission",
  "pk": 23,
  "fields": {
    "role": 3,
    "section": "reports",
    "can_view": true,
    "can_create": false,
    "can_edit": false,
    "can_delete": false
  }
},
{
  "model": "accounts.rolepermission",
  "pk": 24,
  "fields": {
    "role": 3,
    "section": "exhibitors",
    "can_view": true,
    "can_create": false,
    "can_edit": false,
    "can_delete": false
  }
},
{
  "model": "accounts.rolepermission",
  "pk": 25,
  "fields": {
    "role": 4,
    "section": "dashboard",
    "can_view": true,
    "can_create": false,
    "can_edit": false,
    "can_delete": false
  }
},
{
  "model": "accounts.rolepermission",
  "pk": 26,
  "fields": {
    "role": 4,
    "section": "events",
    "can_view": true,
    "can_create": false,
    "can_edit": false,
    "can_delete": false
  }
},
{
  "model": "accounts.rolepermission",
  "pk": 27,
  "fields": {
    "role": 4,
    "section": "floor_plan",
    "can_view": true,
    "can_create": false,
    "can_edit": false,
    "can_delete": false
  }
},
{
  "model": "accounts.rolepermission",
  "pk": 28,
  "fields": {
    "role": 4,
    "section": "bookings",
    "can_view": true,
    "can_create": false,
    "can_edit": false,
    "can_delete": false
  }
},
{
  "model": "accounts.rolepermission",
  "pk": 29,
  "fields": {
    "role": 4,
    "section": "invoices",
    "can_view": true,
    "can_create": false,
    "can_edit": false,
    "can_delete": false
  }
},
{
  "model": "accounts.rolepermission",
  "pk": 30,
  "fields": {
    "role": 4,
    "section": "payments",
    "can_view": true,
    "can_create": false,
    "can_edit": false,
    "can_delete": false
  }
},
{
  "model": "accounts.rolepermission",
  "pk": 31,
  "fields": {
    "role": 4,
    "section": "exhibitors",
    "can_view": true,
    "can_create": false,
    "can_edit": false,
    "can_delete": false
  }
},
{
  "model": "accounts.rolepermission",
  "pk": 32,
  "fields": {
    "role": 4,
    "section": "providers",
    "can_view": true,
    "can_create": false,
    "can_edit": false,
    "can_delete": false
  }
},
{
  "model": "accounts.rolepermission",
  "pk": 33,
  "fields": {
    "role": 4,
    "section": "expenses",
    "can_view": true,
    "can_create": false,
    "can_edit": false,
    "can_delete": false
  }
},
{
  "model": "accounts.rolepermission",
  "pk": 34,
  "fields": {
    "role": 4,
    "section": "accounting",
    "can_view": true,
    "can_create": false,
    "can_edit": false,
    "can_delete": false
  }
},
{
  "model": "accounts.rolepermission",
  "pk": 35,
  "fields": {
    "role": 4,
    "section": "reports",
    "can_view": true,
    "can_create": false,
    "can_edit": false,
    "can_delete": false
  }
},
{
  "model": "accounts.rolepermission",
  "pk": 36,
  "fields": {
    "role": 4,
    "section": "users",
    "can_view": true,
    "can_create": false,
    "can_edit": false,
    "can_delete": false
  }
},
{
  "model": "accounts.rolepermission",
  "pk": 37,
  "fields": {
    "role": 1,
    "section": "events",
    "can_view": true,
    "can_create": false,
    "can_edit": false,
    "can_delete": false
  }
},
{
  "model": "accounts.rolepermission",
  "pk": 38,
  "fields": {
    "role": 1,
    "section": "floor_plan",
    "can_view": true,
    "can_create": false,
    "can_edit": false,
    "can_delete": false
  }
},
{
  "model": "accounts.rolepermission",
  "pk": 39,
  "fields": {
    "role": 1,
    "section": "bookings",
    "can_view": true,
    "can_create": false,
    "can_edit": false,
    "can_delete": false
  }
},
{
  "model": "accounts.rolepermission",
  "pk": 40,
  "fields": {
    "role": 1,
    "section": "providers",
    "can_view": true,
    "can_create": false,
    "can_edit": false,
    "can_delete": false
  }
},
{
  "model": "accounts.rolepermission",
  "pk": 41,
  "fields": {
    "role": 1,
    "section": "expenses",
    "can_view": true,
    "can_create": false,
    "can_edit": false,
    "can_delete": false
  }
},
{
  "model": "accounts.rolepermission",
  "pk": 42,
  "fields": {
    "role": 1,
    "section": "users",
    "can_view": true,
    "can_create": false,
    "can_edit": false,
    "can_delete": false
  }
},
{
  "model": "accounts.rolepermission",
  "pk": 43,
  "fields": {
    "role": 2,
    "section": "accounting",
    "can_view": true,
    "can_create": false,
    "can_edit": false,
    "can_delete": false
  }
},
{
  "model": "accounts.rolepermission",
  "pk": 44,
  "fields": {
    "role": 2,
    "section": "users",
    "can_view": true,
    "can_create": false,
    "can_edit": false,
    "can_delete": false
  }
},
{
  "model": "accounts.rolepermission",
  "pk": 45,
  "fields": {
    "role": 3,
    "section": "floor_plan",
    "can_view": true,
    "can_create": false,
    "can_edit": false,
    "can_delete": false
  }
},
{
  "model": "accounts.rolepermission",
  "pk": 46,
  "fields": {
    "role": 3,
    "section": "providers",
    "can_view": true,
    "can_create": false,
    "can_edit": false,
    "can_delete": false
  }
},
{
  "model": "accounts.rolepermission",
  "pk": 47,
  "fields": {
    "role": 3,
    "section": "expenses",
    "can_view": true,
    "can_create": false,
    "can_edit": false,
    "can_delete": false
  }
},
{
  "model": "accounts.rolepermission",
  "pk": 48,
  "fields": {
    "role": 3,
    "section": "users",
    "can_view": true,
    "can_create": false,
    "can_edit": false,
    "can_delete": false
  }
},
{
  "model": "accounts.rolepermission",
  "pk": 49,
  "fields": {
    "role": 1,
    "section": "rfq",
    "can_view": true,
    "can_create": false,
    "can_edit": false,
    "can_delete": false
  }
},
{
  "model": "accounts.rolepermission",
  "pk": 50,
  "fields": {
    "role": 2,
    "section": "rfq",
    "can_view": true,
    "can_create": false,
    "can_edit": false,
    "can_delete": false
  }
},
{
  "model": "accounts.rolepermission",
  "pk": 51,
  "fields": {
    "role": 3,
    "section": "rfq",
    "can_view": true,
    "can_create": false,
    "can_edit": false,
    "can_delete": false
  }
},
{
  "model": "accounts.rolepermission",
  "pk": 52,
  "fields": {
    "role": 4,
    "section": "rfq",
    "can_view": true,
    "can_create": false,
    "can_edit": false,
    "can_delete": false
  }
}
]
